COOKE,1000,31860,11.81,40569.76,80.5,15.06,0.44,1.16,1.37,1.47
GOFF,1001,31806,11.79,40581.55,88.96,7.25,0.42,0.47,1.29,1.62
DEJESUS,1002,31803,11.79,40593.34,6.43,1.61,7.75,0.23,1.16,82.81
MARIN,1003,31786,11.78,40605.12,14.74,1.21,0.71,0.22,0.55,82.57
DOTSON,1004,31784,11.78,40616.91,70.32,25.84,0.29,0.59,1.64,1.32
BONNER,1005,31761,11.77,40628.68,56.25,39.74,0.38,0.38,1.85,1.41
COTTON,1006,31759,11.77,40640.45,53.59,41.92,0.29,0.77,1.9,1.53
MERRILL,1007,31758,11.77,40652.22,91.74,3.91,0.54,0.92,1.36,1.54
LINDSAY,1008,31744,11.77,40663.99,75.11,20.51,0.49,0.55,1.76,1.58
LANCASTER,1009,31686,11.75,40675.74,85.89,9.64,0.53,0.64,1.64,1.66
MCGOWAN,1010,31669,11.74,40687.48,77.96,18.69,0.35,0.4,1.28,1.32
FELIX,1011,31631,11.73,40699.2,21.19,11.15,2.61,0.97,1.73,62.35
SALGADO,1012,31627,11.72,40710.93,4.56,0.28,1.42,0.42,0.43,92.88
SLATER,1013,31569,11.7,40722.63,81.47,14.41,0.45,0.69,1.35,1.63
CARVER,1014,31566,11.7,40734.33,90.64,5.51,0.32,0.61,1.34,1.59
GUTHRIE,1015,31530,11.69,40746.02,89.92,5.53,0.44,1.25,1.41,1.46
HOLMAN,1016,31514,11.68,40757.7,72.27,23.26,0.29,0.69,1.79,1.7
FULTON,1017,31513,11.68,40769.38,74.06,21.56,0.46,0.95,1.42,1.55
SNIDER,1018,31418,11.65,40781.03,93.71,2.66,0.45,0.73,1.24,1.21
SEARS,1019,31387,11.64,40792.66,84.68,10.85,0.43,0.83,1.65,1.57
WITT,1020,31360,11.63,40804.29,93.04,3.29,0.39,0.63,1.06,1.59
NEWELL,1021,31317,11.61,40815.9,81.55,14.44,0.4,0.65,1.28,1.67
BYERS,1022,31299,11.6,40827.5,82.91,13.39,0.42,0.55,1.41,1.33
LEHMAN,1023,31296,11.6,40839.1,96.36,0.7,0.48,0.35,0.91,1.2
GORMAN,1024,31285,11.6,40850.7,91.48,3.11,0.42,1.94,1.21,1.83
COSTELLO,1025,31266,11.59,40862.29,91.81,1.33,0.54,0.37,1.47,4.48
DONAHUE,1026,31251,11.58,40873.87,93.76,2.72,0.4,0.72,0.98,1.42
DELANEY,1027,31236,11.58,40885.45,85.31,10.89,0.49,0.35,1.35,1.61
ALBERT,1028,31159,11.55,40897,80.36,12.39,1.12,1.44,1.56,3.13
WORKMAN,1029,31151,11.55,40908.55,91.28,4.83,0.36,0.74,1.35,1.43
ROSAS,1030,31050,11.51,40920.06,4.73,0.24,0.53,0.18,0.33,93.99
SPRINGER,1031,31044,11.51,40931.57,85.65,9.61,0.52,0.73,1.76,1.74
KINNEY,1032,30956,11.48,40954.52,87.58,7.37,0.69,1.27,1.6,1.49
JUSTICE,1032,30956,11.48,40943.05,87.72,8.87,0.33,0.68,1.41,0.99
ODELL,1034,30951,11.47,40965.99,93.29,2.05,0.52,0.75,1.62,1.77
LAKE,1035,30924,11.46,40977.46,83.56,11.32,0.71,1.14,1.46,1.8
DONNELLY,1036,30919,11.46,40988.92,95.46,1.13,0.5,0.26,1.03,1.61
LAW,1037,30900,11.45,41000.37,68.5,15.12,13.17,0.33,1.61,1.28
DAILEY,1038,30894,11.45,41011.83,79.67,16.05,0.37,0.84,1.45,1.61
GUEVARA,1039,30844,11.43,41023.26,5.14,0.49,2.98,0.33,0.65,90.42
SHOEMAKER,1040,30756,11.4,41034.66,94.82,2.02,0.39,0.51,1.09,1.17
BARLOW,1041,30749,11.4,41046.06,82.57,13.09,0.42,1.13,1.49,1.31
MARINO,1042,30735,11.39,41057.45,87.16,0.63,0.9,0.2,1.25,9.86
WINTER,1043,30721,11.39,41068.84,94.61,1.89,0.52,0.35,1.02,1.61
CRAFT,1044,30653,11.36,41080.2,82.89,13.88,0.3,0.44,1.43,1.06
KATZ,1045,30615,11.35,41091.55,96.32,0.35,0.56,0.06,1.09,1.62
PICKETT,1046,30552,11.33,41102.88,67.7,28.89,0.34,0.45,1.28,1.34
ESPINOSA,1047,30538,11.32,41114.2,9.1,0.49,3.42,0.4,0.57,86.03
MALONEY,1048,30434,11.28,41136.76,93.23,2.99,0.42,0.78,1.16,1.42
DALY,1048,30434,11.28,41125.48,92.85,3.18,0.62,0.19,1,2.16
GOLDSTEIN,1050,30429,11.28,41148.04,95.96,0.72,0.59,0.04,1.06,1.64
CROWLEY,1051,30416,11.28,41159.32,91.49,5.08,0.51,0.31,1.27,1.33
VOGEL,1052,30388,11.26,41170.58,96.4,0.36,0.47,0.27,1.02,1.48
KUHN,1053,30342,11.25,41181.83,96.29,0.51,0.52,0.3,0.94,1.44
PEARCE,1054,30276,11.22,41193.05,90.57,5.59,0.44,0.63,1.29,1.48
HARTLEY,1055,30236,11.21,41204.26,90.68,5.78,0.4,0.4,1.36,1.38
CLEVELAND,1056,30233,11.21,41215.47,68.37,25.2,0.44,2.89,1.66,1.44
PALACIOS,1057,30231,11.21,41226.68,5.22,0.47,0.69,0.22,0.38,93.03
MCFADDEN,1058,30205,11.2,41237.87,63.18,33.42,0.36,0.29,1.52,1.22
BRITT,1059,30200,11.2,41249.07,75.76,20.46,0.35,0.71,1.33,1.38
WOOTEN,1060,30185,11.19,41260.26,67.9,28.2,0.29,0.56,1.68,1.37
CORTES,1061,30141,11.17,41271.43,8.96,1.29,2.43,0.12,0.46,86.74
DILLARD,1062,30118,11.16,41282.59,55.86,39.2,0.24,0.55,2.08,2.08
CHILDERS,1063,30079,11.15,41293.74,91.67,3.89,0.34,1.08,1.5,1.51
ALFORD,1064,30050,11.14,41304.88,66.04,29.62,0.43,0.73,1.44,1.75
DODD,1065,30029,11.13,41316.02,85.74,10.01,0.67,0.65,1.37,1.57
EMERSON,1066,30028,11.13,41327.15,86.26,8.44,0.59,1.51,1.44,1.76
WILDER,1067,30023,11.13,41338.28,69.88,25.74,0.4,0.63,1.7,1.65
LANGE,1068,29977,11.11,41349.39,95.09,1.45,0.46,0.31,1.12,1.57
GOLDBERG,1069,29968,11.11,41360.5,96.49,0.5,0.53,0.07,0.95,1.46
QUINTERO,1070,29952,11.1,41371.6,4.95,0.36,0.32,0.94,0.41,93.01
BEACH,1071,29940,11.1,41382.7,91.13,4.83,0.44,0.71,1.32,1.57
ENRIQUEZ,1072,29886,11.08,41393.78,5.28,0.59,7.78,0.43,0.66,85.25
QUINTANA,1073,29755,11.03,41404.81,9.52,0.38,1.04,1.25,0.54,87.26
HELMS,1074,29727,11.02,41415.83,92.75,4.22,0.29,0.6,1.07,1.07
MACKEY,1075,29718,11.02,41426.84,72.25,23.46,0.38,0.61,1.69,1.6
FINCH,1076,29703,11.01,41437.86,81.27,14.84,0.45,0.42,1.47,1.54
CRAMER,1077,29666,11,41448.85,95.22,1.22,0.5,0.49,1.18,1.39
MINOR,1078,29634,10.99,41459.84,57.59,36.61,0.55,0.37,1.71,3.17
FLANAGAN,1079,29563,10.96,41470.8,90.32,6.15,0.5,0.37,1.22,1.43
FRANKS,1080,29531,10.95,41481.74,84.16,11.59,0.42,0.74,1.62,1.47
CORONA,1081,29525,10.94,41492.69,10.94,0.24,0.25,0.23,0.39,87.94
KENDALL,1082,29524,10.94,41503.63,87.55,8.69,0.54,0.5,1.3,1.42
MCCABE,1083,29523,10.94,41514.58,92.96,1.15,0.56,2.48,1.13,1.71
HENDRICKSON,1084,29496,10.93,41525.51,93.49,2.16,0.48,0.82,1.5,1.55
MOSER,1085,29485,10.93,41536.44,95.7,1.25,0.46,0.27,1.02,1.31
MCDERMOTT,1086,29440,10.91,41547.35,94.27,2.33,0.55,0.22,1.06,1.57
CAMP,1087,29432,10.91,41558.26,86.48,9.37,0.47,0.64,1.46,1.58
MCLEOD,1088,29423,10.91,41569.17,72.86,22.65,0.4,0.73,1.64,1.72
BERNAL,1089,29418,10.91,41580.08,9.04,0.56,2.19,0.42,0.61,87.19
KAPLAN,1090,29410,10.9,41590.98,96.32,0.33,0.6,0.11,1.03,1.62
MEDRANO,1091,29386,10.89,41601.87,4.59,0.28,1.99,0.25,0.46,92.44
LUGO,1092,29328,10.87,41612.74,7.62,0.95,0.31,0.38,0.43,90.32
TRACY,1093,29316,10.87,41623.61,92.5,2.86,0.5,1.37,1.19,1.58
BACON,1094,29312,10.87,41634.48,77.16,18.05,0.72,1.27,1.36,1.44
CROWE,1095,29260,10.85,41645.32,89.45,5.24,0.36,2.13,1.56,1.26
RICHTER,1096,29233,10.84,41656.16,96.37,0.29,0.48,0.22,0.96,1.67
WELSH,1097,29217,10.83,41666.99,92.85,3.04,0.51,0.64,1.28,1.68
HOLLEY,1098,29215,10.83,41677.82,67.19,28.99,0.39,0.49,1.69,1.25
RATLIFF,1099,29142,10.8,41688.62,80.6,15.59,0.37,0.59,1.42,1.44
MAYFIELD,1100,29136,10.8,41699.42,67.34,28.6,0.28,0.59,1.84,1.36
TALLEY,1101,29082,10.78,41710.21,68.12,27.42,0.45,0.77,1.78,1.45
HAINES,1102,29065,10.77,41720.98,91.35,5.04,0.35,0.65,1.21,1.39
DALE,1103,28994,10.75,41731.73,80.27,13.64,0.67,2.03,1.6,1.79
GIBBONS,1104,28993,10.75,41742.48,85.78,9.94,0.47,0.52,1.48,1.81
HICKEY,1105,28970,10.74,41753.21,93.68,2.73,0.41,0.39,1.09,1.71
BYRNE,1106,28963,10.74,41763.95,95.94,0.33,0.49,0.21,1,2.03
KIRKLAND,1107,28937,10.73,41774.68,70.96,25.66,0.27,0.54,1.41,1.15
FARRIS,1108,28928,10.72,41785.4,83.55,12.13,0.34,0.81,1.61,1.56
CORREA,1109,28910,10.72,41796.12,11,0.91,1.8,0.3,1.94,84.05
TILLMAN,1110,28878,10.7,41806.82,47.9,47.78,0.27,0.84,1.94,1.27
SWEET,1111,28872,10.7,41817.53,87.91,7.7,0.52,0.7,1.46,1.71
KESSLER,1112,28869,10.7,41828.23,96.39,0.64,0.46,0.27,0.88,1.34
ENGLAND,1113,28861,10.7,41838.93,90.48,4.89,0.35,1.14,1.57,1.58
HEWITT,1114,28857,10.7,41849.62,85.19,10.36,0.45,0.56,1.66,1.77
BLANCO,1115,28843,10.69,41860.32,14.62,1.35,3.42,0.17,0.73,79.71
CONNOLLY,1116,28821,10.68,41871,96.32,0.5,0.56,0.33,1.02,1.28
PATE,1117,28804,10.68,41881.68,82.34,13.23,0.66,0.89,1.49,1.39
ELDER,1118,28783,10.67,41892.35,80.67,15.68,0.38,0.44,1.48,1.36
BRUNO,1119,28729,10.65,41903,79.77,5.67,0.91,0.55,1.52,11.58
HOLCOMB,1120,28668,10.63,41913.62,90.23,5.93,0.38,0.71,1.29,1.46
HYDE,1121,28604,10.6,41924.23,88.12,7.41,0.43,0.76,1.52,1.77
MCALLISTER,1122,28586,10.6,41934.82,80.55,15.61,0.42,0.46,1.32,1.64
CASH,1123,28572,10.59,41945.42,80.8,14.86,0.44,0.64,1.54,1.71
CHRISTOPHER,1124,28493,10.56,41955.98,76.74,17.44,0.95,0.36,1.9,2.61
WHITFIELD,1125,28475,10.56,41966.53,47.14,48.65,0.33,0.48,2.21,1.19
MEEKS,1126,28426,10.54,41977.07,76.09,19.72,0.25,1.08,1.61,1.25
HATCHER,1127,28424,10.54,41987.61,70.1,25.65,0.38,0.78,1.76,1.33
FINK,1128,28417,10.53,41998.14,97,0.28,0.5,0.26,0.82,1.14
SUTHERLAND,1128,28417,10.53,42008.68,86.49,8.37,0.56,0.83,1.68,2.07
NOEL,1130,28401,10.53,42019.2,66.16,27.4,0.73,0.56,2.82,2.32
RITCHIE,1131,28397,10.53,42029.73,93.13,2.59,0.52,0.64,1.39,1.73
ROSA,1132,28375,10.52,42040.25,32.34,1.87,1.18,0.15,3.11,61.34
LEAL,1133,28248,10.47,42050.72,14.17,0.57,0.89,0.27,1.08,83.02
JOYNER,1134,28216,10.46,42061.18,55.61,41.05,0.27,0.29,1.56,1.22
STARR,1135,28210,10.46,42071.64,85.35,7.74,0.49,2.98,1.65,1.79
MORIN,1136,28184,10.45,42082.08,72.99,0.87,1.71,2.13,1.38,20.93
DELAROSA,1137,28134,10.43,42092.51,5.92,0.54,4.85,0.33,0.59,87.77
CONNOR,1138,28107,10.42,42102.93,83.7,11.99,0.54,0.57,1.53,1.67
HILTON,1139,28098,10.42,42113.35,80.79,14.74,0.51,0.49,1.52,1.94
ALSTON,1140,28089,10.41,42123.76,14.54,81.41,0.24,0.37,1.99,1.45
GILLIAM,1141,28075,10.41,42134.17,63.43,32.91,0.25,0.45,1.82,1.14
WYNN,1142,28048,10.4,42144.57,56.3,38.96,0.82,0.91,1.8,1.21
WILLS,1143,28036,10.39,42154.96,78.56,17.4,0.52,0.51,1.43,1.58
JARAMILLO,1144,28024,10.39,42165.35,7.81,0.18,1.07,0.94,0.56,89.45
ONEIL,1145,28020,10.39,42175.73,89.68,6.34,0.47,0.37,1.27,1.87
NIEVES,1146,28011,10.38,42186.12,6.19,1.15,0.66,0.09,0.44,91.48
BRITTON,1147,28001,10.38,42196.5,76.31,19.26,0.39,0.72,1.55,1.77
RANKIN,1148,27989,10.38,42206.87,80.76,15.17,0.48,0.45,1.41,1.73
BELCHER,1149,27947,10.36,42217.23,82.05,14.41,0.29,0.5,1.3,1.45
GUY,1150,27934,10.36,42227.59,70.34,23.85,0.95,1.37,1.81,1.68
CHAMBERLAIN,1151,27928,10.35,42237.94,89.47,5.52,0.52,0.78,1.27,2.44
TYSON,1152,27911,10.35,42248.29,55.61,40.26,0.37,0.62,1.81,1.34
PUCKETT,1153,27891,10.34,42258.63,90.3,6.02,0.41,0.6,1.41,1.27
DOWNING,1154,27879,10.33,42268.96,82.31,12.69,0.45,1.29,1.58,1.68
SHARPE,1155,27862,10.33,42279.29,73.59,22.49,0.44,0.43,1.53,1.53
BOGGS,1156,27822,10.31,42289.6,90.37,5.9,0.31,0.75,1.32,1.35
TRUONG,1157,27808,10.31,42299.91,1.21,0.17,96.48,0.04,1.67,0.44
PIERSON,1158,27730,10.28,42310.19,86.02,9.81,0.44,0.42,1.46,1.84
GODFREY,1159,27700,10.27,42320.46,80.47,15.31,0.47,0.71,1.64,1.41
MOBLEY,1160,27648,10.25,42330.71,60.36,35.99,0.25,0.43,1.49,1.49
JOHN,1161,27643,10.25,42340.96,47,20.1,14.41,12.56,3.58,2.36
KERN,1162,27634,10.24,42351.2,94.76,2.06,0.56,0.32,1.05,1.26
DYE,1163,27627,10.24,42361.44,84.67,10.97,0.57,0.71,1.44,1.65
HOLLIS,1164,27597,10.23,42371.67,67.77,28.38,0.3,0.44,1.62,1.5
BRAVO,1165,27576,10.22,42381.89,7.81,0.7,1.93,0.39,0.52,88.65
MAGANA,1166,27571,10.22,42392.11,3.82,0.18,0.59,0.21,0.42,94.78
RUTHERFORD,1167,27539,10.21,42402.32,84,11.58,0.34,1.02,1.59,1.47
NG,1168,27537,10.21,42412.53,1.77,0.23,93.98,0.04,2.62,1.36
TUTTLE,1169,27460,10.18,42422.71,94.7,1.35,0.4,0.97,1.16,1.42
LIM,1170,27433,10.17,42432.88,3.19,0.3,91.51,0.11,3.6,1.3
ROMANO,1171,27401,10.16,42443.04,88.61,0.42,1.22,0.14,1.21,8.41
TREJO,1172,27383,10.15,42463.34,4.59,0.42,0.14,0.35,0.35,94.15
ARTHUR,1172,27383,10.15,42453.19,80.21,14.03,0.67,1.88,1.7,1.5
KNOWLES,1174,27380,10.15,42473.49,83.65,12.18,0.43,0.46,1.49,1.79
LYON,1175,27337,10.13,42483.62,93.57,2.82,0.53,0.42,1.17,1.49
SHIRLEY,1176,27300,10.12,42493.74,84.69,8.63,0.47,3.17,1.56,1.48
QUINONES,1177,27290,10.12,42503.86,6.42,1.33,0.97,0.22,0.55,90.52
CHILDS,1178,27266,10.11,42513.96,65.14,30.72,0.4,0.94,1.53,1.27
DOLAN,1179,27252,10.1,42524.07,96.32,0.33,0.6,0.32,0.98,1.46
HEAD,1180,27218,10.09,42534.16,80.33,15.72,0.35,0.96,1.34,1.29
REYNA,1181,27215,10.09,42544.25,6.29,0.16,0.4,0.49,0.26,92.39
SAENZ,1182,27211,10.09,42554.33,7.85,0.16,0.38,0.36,0.39,90.87
HASTINGS,1183,27201,10.08,42564.42,91.32,4.4,0.5,0.8,1.22,1.76
KENNEY,1184,27189,10.08,42574.49,89.07,7.45,0.49,0.27,1.39,1.34
CANO,1185,27179,10.08,42584.57,7.73,0.24,1.12,0.27,0.48,90.15
FOREMAN,1186,27130,10.06,42594.63,68.37,26.1,0.44,1.6,1.88,1.61
DENTON,1187,27112,10.05,42604.68,87.79,7.96,0.39,0.67,1.31,1.87
VILLALOBOS,1188,27107,10.05,42614.73,4.63,0.17,0.6,0.25,0.31,94.03
PRYOR,1189,27065,10.03,42624.76,62.83,33.06,0.33,0.46,1.92,1.4
SARGENT,1190,27024,10.02,42634.78,87.56,7.61,0.4,1.17,1.48,1.78
DOHERTY,1191,26978,10,42644.78,96.27,0.76,0.46,0.21,1.03,1.27
HOPPER,1192,26956,9.99,42654.77,89.25,6.12,0.48,1.06,1.22,1.87
PHAN,1193,26903,9.97,42664.74,1.82,(S),94.79,(S),2.46,0.65
WOMACK,1194,26890,9.97,42674.71,68.3,27.53,0.33,0.71,1.72,1.4
LOCKHART,1195,26844,9.95,42684.66,65.84,30.09,0.37,0.35,1.69,1.66
VENTURA,1196,26769,9.92,42694.58,26.22,0.78,5.34,0.5,1.58,65.58
DWYER,1197,26759,9.92,42704.5,93.86,2.89,0.52,0.21,1.08,1.45
MULLER,1198,26744,9.91,42714.42,89.83,2.63,0.88,0.32,1.57,4.76
GALINDO,1199,26730,9.91,42724.33,6.75,0.19,0.88,0.4,0.45,91.33
GRACE,1200,26727,9.91,42734.23,73.58,20.18,1.44,0.54,2.2,2.06
SORENSEN,1201,26705,9.9,42744.13,96.08,0.15,0.62,0.3,1.18,1.67
COURTNEY,1202,26668,9.89,42754.02,86.8,9.04,0.45,0.63,1.41,1.66
PARRA,1203,26654,9.88,42763.9,7.51,0.25,0.33,0.48,0.53,90.9
RODRIGUES,1204,26652,9.88,42773.78,42.83,2.04,3.83,0.25,7.83,43.22
NICHOLAS,1205,26628,9.87,42783.65,76.56,16.1,1.12,1.39,2.14,2.7
AHMED,1206,26607,9.86,42793.51,13.68,12.48,56.29,0.26,15.72,1.57
MCGINNIS,1207,26578,9.85,42803.37,89.24,7.05,0.41,0.41,1.32,1.57
LANGLEY,1208,26560,9.85,42813.21,85.09,10.26,0.41,1.19,1.45,1.6
MADISON,1209,26548,9.84,42823.05,56.98,38.09,0.5,0.85,2.35,1.22
LOCKE,1210,26516,9.83,42832.88,83.26,11.77,1.06,0.81,1.59,1.52
JAMISON,1211,26476,9.81,42842.7,59.17,36.45,0.36,0.82,1.66,1.55
NAVA,1212,26463,9.81,42852.51,5.34,0.18,1.07,0.21,0.46,92.73
GUSTAFSON,1213,26433,9.8,42862.31,96.92,0.21,0.52,0.4,1.03,0.92
SYKES,1214,26425,9.8,42872.1,56.45,39.91,0.34,0.31,1.73,1.26
DEMPSEY,1215,26403,9.79,42881.89,90.62,5.4,0.44,0.79,1.24,1.51
HAMM,1216,26392,9.78,42891.67,87.17,8.95,0.53,0.56,1.23,1.56
RODRIQUEZ,1217,26377,9.78,42901.45,7.07,1.74,0.29,0.59,0.64,89.68
MCGILL,1218,26354,9.77,42911.22,70.14,25.49,0.4,0.59,1.71,1.67
XIONG,1219,26336,9.76,42920.98,0.3,(S),94.7,(S),4.66,0.29
ESQUIVEL,1220,26301,9.75,42930.73,4.89,0.23,0.73,0.31,0.34,93.51
SIMMS,1221,26296,9.75,42940.48,53.96,41.33,0.46,0.59,2.1,1.57
KENDRICK,1222,26266,9.74,42950.22,66.76,29.17,0.33,0.51,1.84,1.4
BOYCE,1223,26229,9.72,42959.94,76.95,18.65,0.56,0.42,1.91,1.51
VIGIL,1224,26224,9.72,42969.66,13.38,0.24,0.35,2.96,1.04,82.04
DOWNEY,1225,26206,9.71,42979.38,89.47,6.11,0.52,0.86,1.35,1.69
MCKENNA,1226,26189,9.71,42989.08,95.53,0.76,0.43,0.27,0.86,2.15
SIERRA,1227,26181,9.71,42998.79,8.55,0.85,0.52,0.53,0.54,89.01
WEBBER,1228,26178,9.7,43008.49,84.83,10.65,0.58,0.61,1.33,1.99
KIRKPATRICK,1229,26155,9.7,43018.19,91.09,5.37,0.47,0.47,1.15,1.45
DICKINSON,1230,26144,9.69,43027.88,91.53,4.53,0.57,0.32,1.34,1.71
COUCH,1231,26135,9.69,43037.57,89.41,6.55,0.31,0.69,1.44,1.6
BURKS,1232,26115,9.68,43047.25,54.49,41.37,0.24,0.45,1.77,1.69
SHEEHAN,1233,26107,9.68,43056.93,96.66,0.2,0.57,0.23,1.01,1.33
SLAUGHTER,1234,26088,9.67,43066.6,59.51,36.54,0.3,0.4,1.89,1.36
PIKE,1235,26086,9.67,43076.27,93.76,1.64,0.44,1.33,1.34,1.49
WHITLEY,1236,26078,9.67,43085.93,74.59,21.96,0.3,0.51,1.31,1.33
MAGEE,1237,26031,9.65,43095.58,67.12,29.33,0.37,0.54,1.36,1.29
CHENG,1238,26023,9.65,43105.23,1.46,0.21,95.08,0.03,2.43,0.79
SINCLAIR,1239,26014,9.64,43114.87,76.55,17.96,0.48,0.7,1.8,2.49
CASSIDY,1240,26011,9.64,43124.52,93.86,2.09,0.5,0.36,1.31,1.88
RUTLEDGE,1241,26010,9.64,43134.16,77.32,18.59,0.33,0.63,1.58,1.55
BURRIS,1242,25998,9.64,43143.8,77.16,17.42,0.42,1.72,1.89,1.39
BOWLING,1243,25938,9.62,43153.41,92.74,4.4,0.29,0.49,1.11,0.97
CRABTREE,1244,25929,9.61,43163.02,95.23,0.96,0.34,0.91,1.23,1.32
MCNAMARA,1245,25896,9.6,43172.62,96.65,0.38,0.42,0.23,1.08,1.24
AVALOS,1246,25875,9.59,43182.21,3.8,0.1,0.26,0.22,0.28,95.35
VU,1247,25828,9.57,43191.79,1.47,0.12,96.23,0.05,1.67,0.46
HERRON,1248,25776,9.56,43201.34,73.48,21.85,0.46,0.57,1.73,1.92
BROUSSARD,1249,25735,9.54,43210.88,69.51,26.56,0.24,0.35,1.66,1.68
ABRAHAM,1250,25729,9.54,43220.42,51.67,19.34,19.26,0.72,3.82,5.19
GARLAND,1251,25725,9.54,43229.96,79.64,16.82,0.37,0.47,1.43,1.27
CORBETT,1252,25722,9.54,43239.49,82.59,13.82,0.38,0.55,1.38,1.27
CORBIN,1253,25696,9.53,43249.02,77.04,19.27,0.44,0.44,1.58,1.22
STINSON,1254,25694,9.52,43258.54,73.07,23.21,0.39,0.52,1.53,1.28
CHIN,1255,25673,9.52,43268.06,6.48,6.03,77.95,0.12,7.03,2.4
BURT,1256,25649,9.51,43277.57,80.79,15.34,0.36,0.5,1.37,1.65
HUTCHINS,1257,25633,9.5,43287.07,80.32,15.75,0.5,0.62,1.44,1.37
WOODRUFF,1258,25626,9.5,43296.57,83.95,12.03,0.37,0.64,1.49,1.53
LAU,1259,25624,9.5,43306.07,17.42,0.21,76.56,0.1,2.97,2.73
BRANDON,1260,25600,9.49,43315.56,66.28,28.21,0.5,0.77,2.06,2.17
SINGER,1261,25599,9.49,43325.05,91.65,2.17,0.6,2.64,1.23,1.71
HATCH,1262,25564,9.48,43334.52,88.73,6.69,0.47,1.08,1.42,1.6
ROSSI,1263,25512,9.46,43343.98,93.6,0.58,0.46,0.14,1.16,4.06
SHAFER,1264,25498,9.45,43353.43,95.5,0.78,0.58,0.44,1.17,1.53
OTT,1265,25492,9.45,43362.88,95.28,1.11,0.45,0.66,1.18,1.32
GOSS,1266,25464,9.44,43372.32,82.56,13.68,0.28,0.69,1.41,1.39
GREGG,1267,25457,9.44,43381.76,84.79,10.58,0.4,1.25,1.45,1.53
DEWITT,1268,25448,9.43,43391.19,89.01,6.79,0.47,0.7,1.45,1.57
TANG,1269,25446,9.43,43400.62,2.75,0.62,93.04,0.06,2.54,0.99
POLK,1270,25438,9.43,43410.05,47.79,47.52,0.47,1.1,1.71,1.42
WORLEY,1271,25407,9.42,43419.47,91.18,5.14,0.33,0.72,1.32,1.3
COVINGTON,1272,25403,9.42,43428.89,51.96,43.81,0.29,0.65,1.78,1.53
SALDANA,1273,25386,9.41,43438.3,5.15,0.43,1.33,0.26,0.45,92.39
HELLER,1274,25371,9.4,43447.7,95.27,1.68,0.45,0.21,0.97,1.42
EMERY,1275,25338,9.39,43457.1,90.17,5.38,0.52,0.94,1.42,1.56
SWARTZ,1276,25307,9.38,43466.48,96.31,0.49,0.49,0.35,1.11,1.26
CHO,1277,25305,9.38,43475.86,1.79,(S),95.57,(S),1.85,0.65
MCCRAY,1278,25300,9.38,43485.24,28.6,67.25,0.2,0.91,1.87,1.16
ELMORE,1279,25280,9.37,43494.61,77.22,18.93,0.35,0.39,1.5,1.62
ROSENBERG,1280,25271,9.37,43503.98,95.64,0.61,0.5,0.14,1.37,1.74
SIMONS,1281,25266,9.37,43513.34,87.13,8.19,0.47,0.5,1.55,2.16
CLEMONS,1282,25265,9.37,43522.71,53.65,42.33,0.25,0.68,1.99,1.1
BEATTY,1283,25245,9.36,43532.07,82.46,13.66,0.37,0.7,1.45,1.37
HARDEN,1284,25241,9.36,43541.42,61.31,34.52,0.36,0.67,1.82,1.32
HERBERT,1285,25224,9.35,43550.77,74.61,20.02,0.64,0.88,1.4,2.45
BLAND,1286,25219,9.35,43560.12,62.48,33.56,0.33,0.42,1.71,1.49
RUCKER,1287,25160,9.33,43569.45,47.97,48,0.33,0.39,1.96,1.34
MANLEY,1288,25159,9.33,43578.78,80.69,14.91,0.53,0.78,1.59,1.5
ZIEGLER,1289,25138,9.32,43588.09,93.96,2.81,0.54,0.38,0.97,1.34
GRADY,1290,25121,9.31,43597.41,73.72,22.52,0.37,0.52,1.48,1.4
LOTT,1291,25118,9.31,43606.72,67.92,28.06,0.36,0.72,1.59,1.35
ROUSE,1292,25022,9.28,43615.99,71.94,23.75,0.3,0.87,1.45,1.69
GLEASON,1293,25007,9.27,43625.26,93.65,1.71,0.53,1.05,1.42,1.65
MCCLELLAN,1294,24986,9.26,43634.53,82.25,13.2,0.42,1.01,1.64,1.47
ABRAMS,1295,24961,9.25,43643.78,74.14,21.23,0.42,0.65,1.47,2.1
VO,1296,24956,9.25,43653.03,1.84,0.28,95.16,0.05,2.02,0.65
ALBRIGHT,1297,24942,9.25,43662.28,91.6,5.29,0.36,0.35,1.07,1.32
MEIER,1298,24886,9.23,43671.5,96.33,0.19,0.51,0.37,1,1.6
DUNBAR,1299,24871,9.22,43680.72,67.62,28.49,0.43,0.37,1.66,1.44
ACKERMAN,1300,24862,9.22,43689.94,94.88,1.3,0.54,0.61,1.11,1.56
PADGETT,1301,24854,9.21,43699.15,90.23,6.3,0.32,0.56,1.23,1.35
MAYES,1302,24853,9.21,43708.36,63.56,31.71,0.29,0.62,1.81,2.01
TIPTON,1303,24767,9.18,43717.54,89.15,6.98,0.33,0.88,1.33,1.33
COFFMAN,1304,24733,9.17,43726.71,94.2,1.74,0.39,0.72,1.44,1.52
PERALTA,1305,24713,9.16,43735.87,6.38,0.38,8.28,0.51,1.13,83.32
SHAPIRO,1306,24712,9.16,43745.03,96.7,0.38,0.49,0.08,1.1,1.25
ROE,1307,24699,9.16,43754.19,92.19,3.18,1.06,0.64,1.37,1.56
WESTON,1308,24679,9.15,43763.34,73.33,21.82,0.45,1.21,1.67,1.53
PLUMMER,1309,24665,9.14,43772.48,71.62,23,0.36,1.53,1.69,1.78
HELTON,1310,24624,9.13,43781.61,92.73,3.49,0.35,0.69,1.38,1.35
STERN,1311,24618,9.13,43790.74,94.21,2.24,0.56,0.2,1.35,1.43
FRASER,1312,24616,9.13,43799.86,81.93,13,0.82,0.63,1.73,1.88
STOVER,1313,24613,9.12,43808.98,89.01,7.1,0.38,0.74,1.38,1.39
FISH,1314,24612,9.12,43818.11,93.45,1.75,0.5,1.69,1.3,1.31
SCHUMACHER,1315,24573,9.11,43827.22,96.93,0.23,0.37,0.39,0.95,1.12
BACA,1316,24572,9.11,43836.33,16.32,0.27,0.48,1.98,0.75,80.2
CURRAN,1317,24559,9.1,43845.43,96.45,0.26,0.49,0.29,0.95,1.56
VINSON,1318,24557,9.1,43854.53,67.72,28.16,0.39,0.61,1.77,1.34
VERA,1319,24553,9.1,43863.63,8.21,0.6,0.79,0.22,0.48,89.69
CLIFTON,1320,24523,9.09,43872.73,83.41,12.51,0.33,0.62,1.53,1.6
ERVIN,1321,24511,9.09,43881.81,60.44,35.03,0.37,0.63,1.9,1.64
ELDRIDGE,1322,24510,9.09,43890.9,83.61,12.56,0.41,0.93,1.34,1.16
LOWRY,1323,24506,9.08,43899.98,86.64,6.21,0.45,3.48,1.6,1.62
CHILDRESS,1324,24485,9.08,43909.06,79.84,16.19,0.38,0.61,1.54,1.44
BECERRA,1325,24468,9.07,43918.13,5.12,0.14,0.31,0.2,0.36,93.87
GORE,1326,24449,9.06,43927.19,73.63,21.64,1.21,0.66,1.5,1.35
SEYMOUR,1327,24427,9.06,43936.25,84.89,10.04,0.49,1.28,1.64,1.65
CHU,1328,24381,9.04,43945.28,2.47,(S),93.37,(S),2.76,1.22
FIELD,1329,24374,9.04,43954.32,91.91,3.66,0.82,0.47,1.3,1.84
AKERS,1330,24353,9.03,43963.35,91.91,4.46,0.41,0.68,1.31,1.23
CARRASCO,1331,24343,9.02,43972.37,6.34,0.34,0.78,0.3,0.38,91.86
BINGHAM,1332,24327,9.02,43981.39,84.32,11.93,0.38,0.56,1.42,1.39
STERLING,1333,24314,9.01,43990.4,67.54,26.4,0.52,0.46,2.02,3.06
GREENWOOD,1334,24301,9.01,43999.41,82.55,12.85,0.44,0.95,1.54,1.67
LESLIE,1335,24266,9,44008.41,75.94,18.01,0.87,1.15,2.16,1.87
GROVES,1336,24260,8.99,44017.4,86.17,9.23,0.49,0.73,1.57,1.81
MANUEL,1337,24227,8.98,44026.38,45.35,28.4,10.44,3.69,2.52,9.6
SWAIN,1338,24220,8.98,44035.36,69.45,25.73,0.64,0.69,1.92,1.56
EDMONDS,1339,24210,8.97,44044.33,63.05,32.3,0.43,0.66,1.98,1.58
MUNIZ,1340,24203,8.97,44053.31,8.57,0.49,0.27,0.36,0.66,89.66
THOMSON,1341,24174,8.96,44062.27,91.05,4.67,0.87,0.43,1.25,1.73
CROUCH,1342,24146,8.95,44071.22,91.44,5.1,0.46,0.51,1.09,1.39
WALDEN,1343,24122,8.94,44080.16,79.75,15.75,0.49,0.86,1.73,1.43
SMART,1344,24114,8.94,44089.1,75.51,19.06,0.53,1.43,1.87,1.59
TOMLINSON,1345,24110,8.94,44098.04,87.03,8.47,0.52,0.47,1.62,1.9
ALFARO,1346,24108,8.94,44106.97,5.83,0.34,1.48,0.13,0.41,91.8
QUICK,1347,24095,8.93,44115.9,82.79,12.75,0.46,1,1.55,1.45
GOLDMAN,1348,24086,8.93,44124.83,92.77,4.17,0.46,0.22,1.13,1.25
MCELROY,1349,24064,8.92,44133.75,81.22,14.81,0.45,0.36,1.58,1.57
YARBROUGH,1350,24063,8.92,44142.67,73.51,22.58,0.24,0.58,1.69,1.4
FUNK,1351,24032,8.91,44151.58,96.54,0.3,0.57,0.4,1,1.2
HONG,1352,24017,8.9,44160.49,7.26,1.02,88.05,0.17,2.6,0.9
PORTILLO,1353,24008,8.9,44169.38,5.76,0.45,0.44,0.17,0.49,92.68
LUND,1354,24001,8.9,44178.28,94.48,0.38,0.64,0.54,1.42,2.54
NGO,1355,23980,8.89,44187.17,1.14,(S),95.84,(S),2.13,0.61
ELKINS,1356,23953,8.88,44196.05,92.18,3.72,0.36,0.72,1.34,1.68
STROUD,1357,23946,8.88,44204.93,79.4,16.75,0.39,0.61,1.49,1.37
MEREDITH,1358,23937,8.87,44213.8,85.85,10.29,0.74,0.34,1.35,1.44
BATTLE,1359,23934,8.87,44222.67,16.43,78.89,0.23,0.26,2.18,2.01
MCCAULEY,1360,23926,8.87,44231.54,85.57,10.29,0.43,0.94,1.34,1.42
ZAPATA,1361,23900,8.86,44240.4,5.87,0.48,1.14,0.16,0.49,91.86
BLOOM,1362,23879,8.85,44249.25,94.41,1.93,0.5,0.31,1.28,1.56
GEE,1363,23826,8.83,44258.09,55.78,18.82,21.07,0.71,2.08,1.54
GIVENS,1364,23823,8.83,44266.92,51.63,44.05,0.25,0.75,1.94,1.38
CARDONA,1365,23806,8.82,44275.74,7.3,0.42,0.93,0.11,0.59,90.65
SCHAFER,1366,23804,8.82,44284.57,96.64,0.3,0.39,0.39,1.02,1.26
ROBISON,1367,23785,8.82,44293.38,89.41,6.22,0.36,1.15,1.35,1.51
GUNTER,1368,23775,8.81,44302.2,84.35,12.09,0.42,0.57,1.46,1.11
GRIGGS,1369,23756,8.81,44311,72.27,23.7,0.32,0.77,1.41,1.54
TOVAR,1370,23743,8.8,44319.8,5.38,0.32,0.21,0.29,0.37,93.43
TEAGUE,1371,23731,8.8,44328.6,82.26,13.42,0.34,0.78,1.64,1.56
SWIFT,1372,23685,8.78,44337.38,79.95,15.39,0.44,0.81,1.79,1.62
BOWDEN,1373,23677,8.78,44346.16,74.63,21.45,0.49,0.45,1.41,1.57
SCHULZ,1374,23676,8.78,44354.93,96.57,0.24,0.53,0.21,0.98,1.47
BLANTON,1375,23665,8.77,44363.71,85.54,11.01,0.27,0.43,1.42,1.32
BUCKNER,1376,23645,8.77,44372.47,69.3,26.28,0.28,0.83,1.89,1.41
WHALEN,1377,23642,8.76,44381.24,94.37,2.09,0.51,0.47,1.13,1.43
PRITCHARD,1378,23606,8.75,44389.99,90.34,5.62,0.64,0.44,1.49,1.47
PIERRE,1379,23575,8.74,44398.73,9.23,76.9,0.4,1.22,9.94,2.31
KANG,1380,23565,8.74,44407.46,4.19,0.71,92.45,0.07,2.12,0.46
METCALF,1381,23540,8.73,44424.91,88.16,7.59,0.45,0.85,1.49,1.46
BUTTS,1381,23540,8.73,44416.19,68.34,28.47,0.27,0.3,1.38,1.24
KURTZ,1383,23488,8.71,44433.62,95.7,1.2,0.41,0.27,1.12,1.29
SANDERSON,1384,23469,8.7,44442.32,88.06,6.1,0.38,2.53,1.5,1.44
TOMPKINS,1385,23468,8.7,44451.02,86.15,9.88,0.6,0.58,1.22,1.57
INMAN,1386,23460,8.7,44459.72,89.83,6.35,0.49,0.64,1.28,1.42
CROWDER,1387,23409,8.68,44468.39,69.26,26.85,0.29,0.54,1.52,1.54
DICKEY,1388,23401,8.67,44477.07,84.24,11.88,0.5,0.49,1.35,1.55
HUTCHISON,1389,23391,8.67,44485.74,91.96,4.59,0.28,0.57,1.34,1.27
CONKLIN,1390,23371,8.66,44494.4,94.37,1.2,0.42,0.93,1.46,1.61
HOSKINS,1391,23358,8.66,44503.06,74.8,21.2,0.42,0.48,1.67,1.44
HOLBROOK,1392,23317,8.64,44511.71,92.82,4,0.31,0.48,1.18,1.21
HORNER,1393,23308,8.64,44520.35,92.98,2.8,0.52,0.69,1.54,1.48
NEELY,1393,23308,8.64,44528.99,73.03,23.38,0.33,0.44,1.48,1.35
TATUM,1395,23300,8.64,44537.62,57.73,37.32,0.28,0.8,1.71,2.15
HOLLINGSWORTH,1396,23294,8.64,44546.26,82.45,13.75,0.3,0.45,1.31,1.73
DRAPER,1397,23242,8.62,44554.87,81.06,13.67,0.45,1.87,1.34,1.62
CLEMENT,1398,23233,8.61,44563.49,84.69,9.9,0.66,0.84,1.75,2.17
LORD,1399,23221,8.61,44572.09,89.95,4.94,0.76,0.54,1.6,2.21
REECE,1400,23216,8.61,44580.7,81.59,13.68,0.39,0.94,1.8,1.59
FELDMAN,1401,23195,8.6,44589.3,96.36,0.47,0.38,0.08,0.92,1.78
KAY,1402,23189,8.6,44597.9,87.8,5.22,3.2,0.75,1.5,1.54
HAGEN,1403,23175,8.59,44606.49,95.3,1.13,0.45,0.44,1.18,1.49
CREWS,1404,23167,8.59,44615.07,77.74,18.43,0.47,0.49,1.5,1.37
BOWLES,1405,23157,8.58,44623.66,82.32,13.68,0.33,0.49,1.59,1.59
POST,1406,23155,8.58,44632.24,95.1,1.26,0.57,0.6,1.21,1.27
JEWELL,1407,23143,8.58,44640.82,89.58,6.59,0.38,0.65,1.3,1.51
DALEY,1408,23132,8.57,44649.4,81.33,14.25,0.52,0.37,1.87,1.66
CORDERO,1409,23127,8.57,44657.97,9.31,0.85,4.99,0.36,0.86,83.63
MCKINLEY,1410,23124,8.57,44666.54,76.77,18.95,0.42,0.93,1.34,1.6
VELASCO,1411,23114,8.57,44675.11,7.35,0.24,10.94,0.48,0.94,80.06
MASTERS,1412,23106,8.57,44683.67,92.46,2.89,0.64,0.77,1.55,1.69
DRISCOLL,1413,23063,8.55,44692.22,95.48,1.54,0.36,0.27,0.85,1.51
BURRELL,1414,23048,8.54,44700.77,49.12,45.89,0.31,0.55,2.1,2.03
VALLE,1415,23039,8.54,44709.31,13.06,0.76,1.46,0.27,0.79,83.66
CROW,1416,23031,8.54,44717.85,90.94,2.73,0.45,2.36,1.69,1.84
DEVINE,1417,23016,8.53,44726.38,89.54,6.61,0.54,0.58,1.18,1.56
LARKIN,1418,23004,8.53,44734.91,84.04,12.05,0.45,0.4,1.33,1.73
CHAPPELL,1419,23001,8.53,44743.43,78.17,18.4,0.27,0.51,1.4,1.24
POLLOCK,1420,22994,8.52,44751.96,89.21,6.58,0.49,0.53,1.07,2.11
LY,1421,22990,8.52,44769,1.24,0.8,94.52,0.03,2.71,0.69
KIMBALL,1421,22990,8.52,44760.48,94.07,2.32,0.5,0.43,1.1,1.58
SCHMITZ,1423,22984,8.52,44777.52,97.22,0.18,0.42,0.25,0.84,1.1
LU,1424,22977,8.52,44786.04,1.65,0.22,95.73,0.06,1.72,0.63
RUBIN,1425,22969,8.51,44794.55,90.06,5.57,0.89,0.07,1.13,2.28
SELF,1426,22954,8.51,44803.06,90.28,5.17,0.36,1.18,1.42,1.6
BARRIOS,1427,22941,8.5,44811.57,10.84,0.44,1.62,0.33,0.47,86.31
PEREIRA,1428,22921,8.5,44820.06,59.74,1.97,4.17,0.18,7.26,26.67
PHIPPS,1429,22919,8.5,44828.56,84.14,11.48,0.41,0.56,1.57,1.84
MCMANUS,1430,22903,8.49,44837.05,91.67,4.8,0.62,0.36,1.04,1.5
NANCE,1431,22900,8.49,44845.54,73.75,22.23,0.33,0.62,1.6,1.47
STEINER,1432,22874,8.48,44854.02,96.03,0.78,0.44,0.24,0.95,1.55
POE,1433,22865,8.48,44862.49,82.14,12.4,1.17,0.85,1.64,1.8
CROCKETT,1434,22850,8.47,44870.96,64.42,31.77,0.34,0.49,1.69,1.29
JEFFRIES,1435,22839,8.47,44879.43,66.13,28.95,0.38,1.02,2.02,1.5
AMOS,1436,22817,8.46,44887.89,65.71,28.1,0.74,1.98,1.42,2.06
NIX,1437,22814,8.46,44896.34,83.63,12.33,0.49,0.85,1.35,1.36
NEWSOME,1438,22803,8.45,44904.8,58.81,37.67,0.23,0.27,1.8,1.22
DOOLEY,1439,22798,8.45,44913.25,89.35,7.08,0.32,0.61,1.28,1.36
PAYTON,1440,22773,8.44,44921.69,55.61,39.62,0.38,0.92,1.89,1.59
ROSEN,1441,22763,8.44,44930.13,96.19,0.41,0.65,0.23,1.06,1.47
SWENSON,1442,22762,8.44,44938.57,96.55,0.55,0.52,0.3,0.98,1.09
CONNELLY,1443,22747,8.43,44947,93.63,2.79,0.47,0.44,1.07,1.6
TOLBERT,1444,22720,8.42,44955.42,46.6,49.38,0.22,0.56,1.99,1.26
SEGURA,1445,22689,8.41,44963.83,10.2,1.66,0.45,0.35,0.56,86.78
ESPOSITO,1446,22651,8.4,44972.23,94.61,0.29,0.24,0.1,1.07,3.7
COKER,1447,22636,8.39,44980.62,84.75,10.77,0.27,1.15,1.57,1.49
BIGGS,1448,22634,8.39,44989.01,82.69,13.23,0.29,0.65,1.46,1.67
HINKLE,1449,22581,8.37,44997.38,91.44,5.21,0.38,0.56,1.37,1.04
THURMAN,1450,22564,8.36,45005.75,72.7,22.68,0.43,0.67,1.56,1.96
DREW,1451,22555,8.36,45014.11,77.92,17.3,0.63,0.59,1.8,1.77
IVEY,1452,22552,8.36,45022.47,74.62,21.51,0.27,0.95,1.39,1.26
BULLARD,1453,22539,8.36,45030.82,73.77,16.66,0.4,6.13,1.75,1.28
BAEZ,1454,22512,8.35,45039.17,5,0.96,0.16,0.09,0.41,93.37
NEFF,1455,22509,8.34,45047.51,95.7,0.81,0.52,0.6,1.1,1.28
MAHER,1456,22503,8.34,45055.85,95.47,0.39,0.78,0.33,1.33,1.7
STRATTON,1457,22498,8.34,45064.19,91.85,4.33,0.48,0.57,1.48,1.29
EGAN,1458,22491,8.34,45072.53,96.12,0.44,0.5,0.4,1,1.54
DUBOIS,1459,22455,8.32,45080.85,88.14,5.84,0.57,1.46,1.62,2.38
GALLARDO,1460,22435,8.32,45089.17,6.82,0.14,3.42,0.22,0.72,88.68
BLUE,1461,22422,8.31,45097.48,47.91,44.8,0.6,3.23,2.16,1.29
RAINEY,1462,22397,8.3,45105.78,65.7,30.81,0.28,0.5,1.47,1.24
YEAGER,1463,22374,8.29,45114.08,95,1.77,0.34,0.56,1.22,1.1
SAUCEDO,1464,22357,8.29,45122.37,3.9,0.14,0.13,0.37,0.31,95.15
FERREIRA,1465,22320,8.27,45130.64,67.78,1.54,1.39,0.33,7,21.96
SPRAGUE,1466,22283,8.26,45138.9,95.07,0.74,0.48,0.72,1.26,1.74
LACY,1467,22250,8.25,45147.15,66.21,29.01,0.48,0.67,1.93,1.7
HURTADO,1468,22247,8.25,45155.4,5.18,0.3,0.3,0.44,0.34,93.45
HEARD,1469,22211,8.23,45163.63,42.3,53.7,0.3,0.32,2,1.38
CONNELL,1470,22183,8.22,45171.85,93.51,3.36,0.38,0.32,1.07,1.36
STAHL,1471,22163,8.22,45180.07,96.49,0.23,0.46,0.33,1.07,1.42
ALDRIDGE,1472,22160,8.21,45188.28,82.28,13.94,0.32,0.58,1.51,1.36
AMAYA,1473,22149,8.21,45196.49,5.18,0.37,0.37,0.2,0.43,93.44
FORREST,1474,22124,8.2,45204.69,76.03,19.64,0.53,0.66,1.55,1.59
ERWIN,1475,22120,8.2,45212.89,89.84,5.89,0.45,0.65,1.32,1.85
GUNN,1475,22120,8.2,45221.09,70.45,25.09,0.74,0.55,1.6,1.57
SWAN,1477,22082,8.19,45229.28,81.75,12.02,0.72,2.15,1.77,1.59
BUTCHER,1478,22077,8.18,45237.46,86.73,8.38,0.36,0.95,1.69,1.9
ROSADO,1479,22066,8.18,45245.64,7.17,1.51,0.36,0.11,0.54,90.31
GODWIN,1480,22062,8.18,45253.82,83.83,11.85,0.41,1.55,1.16,1.2
HAND,1481,22034,8.17,45261.99,90.12,6.03,0.53,0.71,1.36,1.24
GABRIEL,1482,22013,8.16,45270.15,60.43,17.32,7.49,0.51,2.87,11.38
OTTO,1483,22001,8.16,45278.31,94.82,1.45,0.59,0.52,1.15,1.48
WHALEY,1484,22000,8.16,45286.46,82.61,14.11,0.36,0.48,1.3,1.14
LUDWIG,1485,21994,8.15,45294.61,96.49,0.24,0.53,0.23,1.08,1.42
CLIFFORD,1486,21974,8.15,45302.76,91.16,3.53,0.56,1.84,1.29,1.61
GROVE,1487,21969,8.14,45310.9,92.55,4.03,0.43,0.4,1.14,1.45
BEAVER,1488,21963,8.14,45319.04,88.21,4.85,0.41,3.33,1.72,1.48
SILVER,1489,21956,8.14,45327.18,82.6,10.73,0.63,1.85,1.55,2.63
DANG,1490,21953,8.14,45335.32,2.52,0.41,94.11,0.03,2.25,0.68
HAMMER,1491,21947,8.14,45343.46,94.29,0.91,0.51,1.32,1.38,1.6
DICK,1492,21933,8.13,45351.59,89.94,2.96,0.57,3.83,1.4,1.3
BOSWELL,1493,21927,8.13,45359.72,79.61,15.44,0.35,1.23,1.78,1.59
MEAD,1494,21919,8.13,45367.84,92.94,2.32,0.63,0.74,1.47,1.91
COLVIN,1495,21908,8.12,45375.96,77.58,17.75,0.47,0.54,1.65,2
OLEARY,1496,21904,8.12,45384.08,95.13,1.1,0.52,0.47,1.02,1.76
MILLIGAN,1497,21887,8.11,45392.2,83.45,11.45,0.32,0.87,1.69,2.23
GOINS,1498,21872,8.11,45400.3,68.35,25.16,0.32,2.28,2.42,1.46
AMES,1499,21855,8.1,45408.41,86.11,7.98,0.86,0.75,1.56,2.74
DODGE,1500,21833,8.09,45416.5,94.11,0.55,0.55,1.62,1.21,1.95
KAUR,1501,21825,8.09,45424.59,0.84,0.16,89.33,0.46,8.88,0.33
ESCOBEDO,1502,21790,8.08,45432.67,4.27,0.11,0.42,0.26,0.31,94.64
ARREDONDO,1503,21785,8.08,45440.74,5.17,0.19,0.14,0.31,0.34,93.84
GEIGER,1503,21785,8.08,45448.82,91.62,5.51,0.35,0.22,1.1,1.2
WINKLER,1505,21783,8.07,45456.89,95.5,1.32,0.47,0.35,1.12,1.24
DUNHAM,1506,21772,8.07,45464.96,86.88,9.4,0.45,0.64,1.37,1.24
TEMPLE,1507,21771,8.07,45473.03,81.89,14,0.63,0.46,1.52,1.49
BABCOCK,1508,21769,8.07,45481.1,95.8,0.53,0.49,0.45,1.2,1.53
BILLINGS,1509,21764,8.07,45489.17,85.09,10.56,0.46,0.94,1.26,1.69
GRIMM,1510,21757,8.07,45497.24,95.88,0.88,0.56,0.35,0.87,1.46
LILLY,1511,21742,8.06,45505.3,78.4,17.15,0.36,0.74,1.65,1.7
WESLEY,1512,21734,8.06,45513.35,44.34,48.51,0.65,2.54,2.29,1.66
MCGHEE,1513,21727,8.05,45521.41,47.39,47.19,0.26,1.66,2.2,1.3
SIEGEL,1514,21725,8.05,45537.51,96.94,0.34,0.48,0.09,0.96,1.19
PAINTER,1514,21725,8.05,45529.46,95.64,0.93,0.52,0.76,1.04,1.11
BOWER,1516,21705,8.05,45545.56,95.04,1.51,0.48,0.43,1.09,1.46
PURCELL,1517,21696,8.04,45553.6,88.94,6.04,1.13,0.49,1.46,1.94
BLOCK,1518,21686,8.04,45561.64,92.41,4.14,0.51,0.33,1.26,1.36
AGUILERA,1519,21685,8.04,45569.68,5.02,0.29,0.6,0.26,0.35,93.48
NORWOOD,1520,21678,8.04,45577.72,55.45,40.09,0.3,0.66,1.89,1.61
SHERIDAN,1521,21668,8.03,45585.75,92.47,3.36,0.57,0.81,1.07,1.72
CARTWRIGHT,1522,21654,8.03,45593.78,79.04,15.91,0.45,0.78,2.1,1.72
COATES,1523,21652,8.03,45601.8,71.51,24.04,0.4,0.55,1.63,1.86
DAVISON,1524,21627,8.02,45609.82,81.85,13.61,0.53,0.61,1.61,1.78
REGAN,1525,21624,8.02,45617.84,94.64,1.95,0.64,0.28,1,1.49
RAMEY,1526,21618,8.01,45625.85,86.12,10.19,0.3,0.66,1.41,1.32
KOENIG,1527,21606,8.01,45633.86,96.04,0.27,0.56,0.63,0.91,1.6
KRAFT,1528,21579,8,45641.86,95.67,0.63,0.54,0.61,1.04,1.51
BUNCH,1529,21574,8,45649.85,81.54,13.86,0.33,1.15,1.62,1.5
ENGEL,1530,21567,7.99,45657.85,96.29,0.24,0.53,0.32,1.09,1.53
TAN,1530,21567,7.99,45665.84,3.93,0.26,91.3,0.14,3.22,1.15
WINN,1532,21566,7.99,45673.84,76.73,18.05,1.04,0.79,1.75,1.64
STEWARD,1533,21558,7.99,45681.83,57.45,37.97,0.43,0.58,1.93,1.64
LINK,1534,21553,7.99,45689.82,92.56,4.26,0.54,0.41,1.1,1.12
VICKERS,1535,21544,7.99,45697.81,81.68,15.05,0.28,0.43,1.26,1.29
BRAGG,1536,21540,7.98,45705.79,82.27,14.14,0.27,0.39,1.54,1.39
PIPER,1537,21526,7.98,45713.77,88.6,7.54,0.52,0.71,1.3,1.34
HUGGINS,1538,21499,7.97,45721.74,68.66,26.21,0.33,1.15,1.9,1.75
MICHEL,1539,21487,7.97,45729.71,58.87,16.32,0.4,0.72,2.6,21.09
HEALY,1540,21407,7.94,45737.64,95.06,1.21,0.5,0.71,1.06,1.46
JACOB,1541,21354,7.92,45745.56,67.58,10.05,15.67,1.03,2.55,3.11
MCDONOUGH,1542,21340,7.91,45753.47,97.19,0.3,0.43,0.14,0.77,1.16
WOLFF,1543,21321,7.9,45761.37,95.66,0.55,0.51,0.36,1.24,1.69
COLBERT,1544,21306,7.9,45769.27,48.09,45.66,0.31,1.82,2.42,1.69
ZEPEDA,1545,21305,7.9,45777.17,4.75,0.21,0.29,0.52,0.27,93.96
HOANG,1546,21269,7.88,45785.05,1.39,0.17,95.79,0.07,1.98,0.61
DUGAN,1547,21267,7.88,45792.93,92.74,3.02,0.63,0.52,1.09,2.01
MEADE,1548,21264,7.88,45808.7,88.67,6.82,0.48,0.64,1.62,1.77
KILGORE,1548,21264,7.88,45800.82,84.55,11.72,0.35,0.52,1.48,1.38
GUILLEN,1550,21257,7.88,45816.58,6.09,0.44,0.97,0.16,0.46,91.88
DO,1551,21230,7.87,45824.45,1.97,0.39,94.86,0.04,2.1,0.64
HINOJOSA,1552,21228,7.87,45832.32,5.38,0.11,0.17,0.19,0.35,93.8
GOODE,1553,21226,7.87,45840.19,63.86,31.43,0.41,0.94,1.62,1.73
ARRINGTON,1554,21216,7.86,45848.05,53.42,42.41,0.31,0.58,2.01,1.28
GARY,1555,21213,7.86,45855.92,50.07,45.13,0.5,0.55,1.76,1.98
SNELL,1556,21192,7.86,45863.77,77.92,16.64,0.41,1.64,1.42,1.96
WILLARD,1557,21183,7.85,45871.62,91.61,4.33,0.32,1.08,1.48,1.18
RENTERIA,1558,21159,7.84,45879.47,4.65,0.25,0.18,0.5,0.39,94.03
CHACON,1559,21153,7.84,45887.31,6.96,0.33,0.45,0.64,0.48,91.15
GALLO,1560,21149,7.84,45895.15,80.15,0.85,1,0.11,0.96,16.94
HANKINS,1561,21138,7.84,45902.98,76.23,19.42,0.4,0.66,1.76,1.53
MONTANO,1562,21110,7.83,45910.81,11.94,0.47,1.59,0.77,0.69,84.54
BROWNE,1563,21109,7.83,45918.63,71.21,22.93,0.88,0.53,2.32,2.14
PEACOCK,1564,21106,7.82,45926.46,85.98,10.33,0.39,0.77,1.27,1.26
OHARA,1565,21068,7.81,45934.27,89.79,2.7,3.5,0.23,1.42,2.35
CORNELL,1566,21060,7.81,45942.08,90.94,4.43,0.69,0.54,1.44,1.96
SHERWOOD,1567,20998,7.78,45949.86,92.29,2.61,0.63,0.91,1.32,2.23
CASTELLANOS,1568,20985,7.78,45957.64,5.01,0.26,0.21,0.17,0.42,93.93
THORPE,1569,20960,7.77,45965.41,70.85,24.53,0.52,0.7,1.77,1.62
STILES,1570,20957,7.77,45973.18,92.56,3.58,0.39,0.64,1.33,1.5
SADLER,1571,20939,7.76,45980.94,82.15,13.92,0.32,0.49,1.57,1.55
LATHAM,1572,20935,7.76,45988.7,80.89,15.34,0.4,0.63,1.47,1.28
REDMOND,1573,20919,7.75,45996.45,69.21,27.14,0.44,0.31,1.53,1.37
GREENBERG,1574,20908,7.75,46004.2,96.56,0.35,0.62,0.13,0.84,1.51
COTE,1575,20894,7.75,46011.95,95.57,0.41,0.56,0.76,1.08,1.64
WADDELL,1576,20885,7.74,46019.69,82.81,13.87,0.38,0.28,1.14,1.53
DUKES,1577,20870,7.74,46027.43,46.28,49.93,0.24,0.34,1.54,1.66
DIAMOND,1578,20860,7.73,46035.16,87.87,7.59,0.73,0.4,1.58,1.84
BUI,1579,20852,7.73,46042.89,2.86,0.47,93.79,0.04,2.11,0.72
MADRID,1580,20834,7.72,46050.61,9.86,0.4,2.6,0.72,0.72,85.69
ALONSO,1581,20802,7.71,46058.33,9.28,0.2,0.92,0.17,0.4,89.02
SHEETS,1582,20786,7.71,46066.03,95.39,1.51,0.37,0.38,0.98,1.37
IRVIN,1583,20776,7.7,46073.73,70.56,25.41,0.33,0.59,1.7,1.41
HURT,1584,20753,7.69,46081.43,73.77,22.05,0.36,0.83,1.66,1.33
FERRIS,1585,20743,7.69,46089.11,92.85,2.27,0.52,1.06,1.29,2.02
SEWELL,1586,20736,7.69,46096.8,72.12,23.42,0.54,0.71,1.71,1.5
CARLTON,1587,20727,7.68,46104.49,81.77,14.2,0.4,0.57,1.41,1.65
ARAGON,1588,20723,7.68,46112.17,10.95,0.25,3.15,2,0.99,82.67
BLACKMON,1589,20711,7.68,46119.84,51.07,45.9,0.21,0.44,1.33,1.05
HADLEY,1590,20710,7.68,46127.52,79.8,14.99,0.71,1.49,1.41,1.59
HOYT,1591,20707,7.68,46135.2,93.98,2.16,0.47,0.55,1.3,1.55
MCGRAW,1592,20704,7.67,46142.87,84.47,11.45,0.39,0.53,1.25,1.92
PAGAN,1593,20702,7.67,46150.55,15.18,2.39,0.71,0.13,0.72,80.87
LAND,1594,20687,7.67,46158.22,83.58,11.85,0.43,0.6,1.49,2.05
TIDWELL,1595,20681,7.67,46165.88,85.64,10.44,0.25,0.87,1.39,1.41
LOVELL,1596,20628,7.65,46173.53,89.11,5.72,0.83,1.11,1.61,1.63
MINER,1597,20627,7.65,46181.17,88.93,5.58,0.75,1.32,1.65,1.77
DOSS,1598,20623,7.64,46188.82,74.01,22.03,0.74,0.4,1.36,1.45
DAHL,1599,20616,7.64,46196.46,95.98,0.38,0.64,0.7,1.19,1.1
DELATORRE,1600,20614,7.64,46204.1,5.96,0.1,2.1,0.15,0.34,91.35
STANFORD,1601,20610,7.64,46211.74,73.37,22.34,0.39,0.53,1.74,1.63
KAUFFMAN,1602,20576,7.63,46219.37,96.91,0.46,0.52,0.17,0.89,1.05
VELA,1603,20569,7.62,46227,7.45,0.25,0.49,0.23,0.42,91.16
GAGNON,1604,20567,7.62,46234.62,96.02,0.21,0.52,0.75,1.23,1.27
WINSTON,1605,20537,7.61,46242.23,32.37,62.65,0.52,0.31,2.71,1.45
GOMES,1606,20532,7.61,46249.84,51.42,8.34,6.56,0.41,16.03,17.24
THACKER,1607,20531,7.61,46257.45,91.29,5,0.72,0.58,1.2,1.22
CORONADO,1608,20503,7.6,46265.06,5.8,0.24,1.02,0.64,0.36,91.93
ASH,1609,20500,7.6,46272.65,82.9,12.75,0.59,0.57,1.56,1.64
JARRETT,1610,20449,7.58,46280.24,71.36,24.44,0.38,0.57,1.9,1.35
HAGER,1611,20422,7.57,46287.81,95.49,1.27,0.45,0.45,1.08,1.26
SAMUELS,1611,20422,7.57,46295.38,42.39,51.04,0.5,1.14,2.79,2.14
METZGER,1613,20386,7.56,46302.93,96.58,0.56,0.49,0.27,0.93,1.17
RAINES,1614,20373,7.55,46310.49,81.53,14.46,0.4,0.75,1.47,1.39
SPIVEY,1615,20349,7.54,46318.03,69.62,26.83,0.29,0.36,1.56,1.35
MAURER,1616,20333,7.54,46325.57,97.02,0.22,0.54,0.13,0.81,1.29
HAN,1617,20318,7.53,46333.1,5.79,0.5,90.59,0.06,2.14,0.93
VOSS,1618,20291,7.52,46340.62,94.64,2.29,0.45,0.3,0.97,1.35
HENLEY,1619,20276,7.52,46348.14,73.25,22.5,0.36,0.46,1.4,2.04
CABALLERO,1620,20270,7.51,46355.65,7.52,0.99,3.05,0.32,0.63,87.49
CARUSO,1621,20257,7.51,46363.16,95.77,0.16,0.33,0.14,1.2,2.39
COULTER,1622,20252,7.51,46370.67,87.47,9.07,0.4,0.31,1.34,1.42
NORTH,1623,20238,7.5,46378.17,86.69,9.17,0.54,0.66,1.47,1.47
FINN,1624,20218,7.49,46385.66,92.32,3.66,0.51,0.36,0.98,2.16
CAHILL,1625,20181,7.48,46393.14,95.59,1.13,0.54,0.15,1.08,1.51
LANIER,1625,20181,7.48,46400.63,69.82,27.1,0.33,0.41,1.2,1.13
SOUZA,1627,20168,7.48,46408.1,78.96,0.75,2.77,0.42,10.08,7.02
MCWILLIAMS,1628,20135,7.46,46415.57,79.61,16.68,0.39,0.47,1.24,1.61
DEAL,1629,20128,7.46,46423.03,86.44,8.74,0.37,1.69,1.3,1.47
URBAN,1630,20117,7.46,46437.94,93.71,0.27,0.54,0.22,0.82,4.43
SCHAFFER,1630,20117,7.46,46430.48,93.67,3.08,0.37,0.33,1.18,1.37
HOUSER,1632,20078,7.44,46445.38,88.76,7.67,0.36,0.55,1.25,1.41
CUMMINS,1633,20072,7.44,46452.82,91.9,3.68,0.53,0.93,1.53,1.43
ROMO,1634,20066,7.44,46460.26,9.13,0.26,0.44,0.58,0.49,89.09
CROCKER,1635,20047,7.43,46467.69,88.56,7.93,0.42,0.62,1.13,1.33
BASSETT,1636,20032,7.43,46475.12,86.42,9.21,0.62,0.62,1.33,1.79
KRUSE,1637,20019,7.42,46482.54,96.42,0.14,0.76,0.29,0.98,1.4
BOLDEN,1638,20015,7.42,46489.96,21.65,74.15,0.14,0.27,2.34,1.43
YBARRA,1639,20013,7.42,46497.38,9.55,0.28,0.28,0.53,0.64,88.71
METZ,1640,20010,7.42,46504.8,94.35,2.11,0.39,0.43,1.2,1.51
ROOT,1641,20001,7.41,46512.21,95.08,0.68,0.68,0.96,1.34,1.25
MCMULLEN,1642,19998,7.41,46519.62,84.7,11.92,0.35,0.5,1.17,1.37
HAGAN,1643,19973,7.4,46534.43,88.19,8.07,0.67,0.5,1.13,1.45
CRUMP,1643,19973,7.4,46527.03,61.47,34.84,0.25,0.35,1.72,1.38
GUIDRY,1645,19967,7.4,46541.83,78.16,18.08,0.27,1.04,1.29,1.17
BRANTLEY,1646,19953,7.4,46549.23,62.14,34.03,0.32,0.61,1.6,1.29
KEARNEY,1647,19938,7.39,46556.62,77.79,18.85,0.46,0.17,1.38,1.35
BEAL,1648,19922,7.39,46564.01,79.65,16.13,0.38,0.63,1.34,1.87
TOTH,1649,19918,7.38,46571.39,96.77,0.23,0.52,0.22,1.02,1.24
JORGENSEN,1650,19906,7.38,46578.77,96.16,0.29,0.45,0.4,1.05,1.65
TIMMONS,1651,19900,7.38,46586.15,70.38,26.14,0.31,0.61,1.24,1.33
MILTON,1652,19899,7.38,46593.52,49.93,45.38,0.38,0.62,1.82,1.86
TRIPP,1653,19886,7.37,46600.89,84.57,10.89,0.55,0.77,1.58,1.63
HURD,1654,19856,7.36,46608.26,76.82,18.16,0.44,0.63,1.84,2.1
SAPP,1655,19847,7.36,46615.61,77.36,19.32,0.4,0.5,1.48,0.94
WHITMAN,1656,19827,7.35,46622.96,90.56,4.28,0.54,1.55,1.37,1.7
MESSER,1657,19819,7.35,46630.31,95.49,1,0.35,0.7,1.07,1.38
BURGOS,1658,19816,7.35,46637.65,6.37,1.49,2.64,0.16,0.67,88.67
MAJOR,1659,19791,7.34,46644.99,63.37,32.17,0.43,0.43,1.95,1.65
WESTBROOK,1660,19781,7.33,46652.32,74.28,21.31,0.38,0.82,1.63,1.58
CASTLE,1661,19768,7.33,46659.65,89.65,6.44,0.42,0.35,1.4,1.73
SERNA,1662,19751,7.32,46666.97,7.74,0.14,1.03,0.46,0.46,90.18
CARLISLE,1663,19718,7.31,46674.28,81.98,14.36,0.37,0.58,1.58,1.14
VARELA,1664,19672,7.29,46681.58,9.01,0.54,0.42,0.6,1.02,88.4
CULLEN,1665,19665,7.29,46688.87,94.09,1.73,0.97,0.31,1.39,1.52
WILHELM,1666,19664,7.29,46696.15,96.12,0.19,0.8,0.16,1.26,1.45
BERGERON,1667,19655,7.29,46703.44,94.8,2.07,0.35,0.43,1.07,1.29
BURGER,1668,19654,7.29,46710.73,94.44,2.04,0.42,0.48,1.11,1.51
POSEY,1669,19648,7.28,46718.01,75.21,20.8,0.27,1.15,1.44,1.14
BARNHART,1670,19642,7.28,46725.29,94.61,1.59,0.45,0.54,0.91,1.89
HACKETT,1671,19637,7.28,46732.57,79.49,16.65,0.41,0.4,1.43,1.62
MADRIGAL,1672,19632,7.28,46739.85,5.4,0.12,1.07,0.34,0.32,92.75
EUBANKS,1673,19616,7.27,46747.12,76.01,20.24,0.32,0.73,1.52,1.19
SIZEMORE,1674,19607,7.27,46754.39,94.53,2.19,0.24,0.75,1.34,0.94
HILLIARD,1675,19564,7.25,46761.64,67.11,29.59,0.38,0.28,1.49,1.15
HARGROVE,1676,19555,7.25,46768.89,52.69,43.04,0.28,0.46,1.68,1.85
BOUCHER,1677,19554,7.25,46776.14,94.87,1.47,0.47,0.56,1.28,1.36
THOMASON,1678,19549,7.25,46783.38,89.55,6.5,0.26,0.73,1.41,1.57
MELVIN,1679,19523,7.24,46790.62,69.43,26.95,0.4,0.55,1.38,1.29
ROPER,1680,19520,7.24,46797.86,75.77,19.5,0.53,0.58,1.79,1.83
BARNARD,1681,19517,7.23,46805.09,92.27,4,0.32,0.58,1.19,1.64
FONSECA,1682,19513,7.23,46812.33,19.52,1.78,1,0.2,2.85,74.64
PEDERSEN,1683,19510,7.23,46819.56,95.65,0.25,0.58,0.65,1.37,1.5
QUIROZ,1684,19507,7.23,46826.79,4.93,0.24,0.8,0.42,0.49,93.13
WASHBURN,1685,19505,7.23,46834.02,93.66,1.38,0.48,1.65,1.44,1.39
HOLLIDAY,1686,19488,7.22,46841.24,71.24,24.66,0.31,0.75,1.58,1.46
YEE,1687,19483,7.22,46848.47,5.14,0.48,86.48,0.1,5.49,2.31
RUDOLPH,1688,19462,7.21,46855.68,75.94,19.9,0.58,0.34,1.58,1.66
BERMUDEZ,1689,19451,7.21,46862.89,6.51,1.01,3.17,0.19,0.63,88.48
COYLE,1690,19424,7.2,46870.09,95.41,1.18,0.49,0.47,1.23,1.23
GIL,1691,19403,7.19,46877.28,12.42,0.88,1.58,0.22,0.7,84.21
PINA,1692,19399,7.19,46891.67,10.41,3.94,0.5,0.85,5.87,78.43
GOODRICH,1692,19399,7.19,46884.48,91.33,4.58,0.43,0.76,1.32,1.58
ELIAS,1694,19394,7.19,46898.86,47.48,3.81,1.09,0.36,2.06,45.21
LOCKWOOD,1695,19386,7.19,46906.04,89.02,6.02,0.52,1.44,1.46,1.53
CABRAL,1696,19384,7.19,46913.23,49,1.86,3.34,0.32,4.16,41.33
CARRANZA,1697,19375,7.18,46920.41,4.52,0.25,0.92,0.16,0.36,93.79
DUVALL,1698,19369,7.18,46927.59,90.22,5.64,0.43,0.68,1.5,1.53
CORNELIUS,1699,19342,7.17,46934.76,75.21,18.65,0.51,2.66,1.56,1.41
MCCOLLUM,1700,19341,7.17,46941.93,79.28,17.19,0.37,0.52,1.34,1.3
STREET,1701,19322,7.16,46949.09,75.37,20.51,0.36,1.03,1.61,1.12
MCNEAL,1702,19321,7.16,46956.25,45.72,50,0.33,0.69,2.15,1.1
CONNORS,1703,19320,7.16,46963.42,93.64,2.83,0.48,0.77,0.99,1.29
ANGEL,1704,19316,7.16,46970.58,53.17,2.89,1.2,0.42,0.99,41.33
PAULSON,1705,19299,7.15,46977.73,95.69,0.44,0.8,0.55,1.16,1.36
HINSON,1706,19293,7.15,46984.88,84.69,12.37,0.24,0.36,1.04,1.3
KEENAN,1707,19275,7.15,46992.03,94.5,2.13,0.42,0.43,1.13,1.39
SHELDON,1708,19246,7.13,46999.16,92.67,1.9,0.82,1.28,1.56,1.76
FARR,1709,19242,7.13,47006.3,85.43,10.82,0.52,0.51,1.47,1.25
EDDY,1710,19230,7.13,47013.42,92.84,2.88,0.41,1.05,1.2,1.62
SAMUEL,1711,19225,7.13,47020.55,25.19,55.58,11.86,0.97,3.46,2.94
RING,1712,19222,7.13,47034.8,87.95,7.22,0.99,0.71,1.57,1.56
LEDBETTER,1712,19222,7.13,47027.68,86.19,10.13,0.37,0.52,1.39,1.4
BETTS,1714,19209,7.12,47041.92,72.07,23.56,0.53,0.47,1.87,1.5
FONTENOT,1715,19203,7.12,47049.04,78.36,18.39,0.27,0.29,1.26,1.43
GIFFORD,1716,19171,7.11,47056.15,93.66,2.11,0.48,0.64,1.43,1.68
HANNAH,1717,19164,7.1,47063.25,70.59,25.32,0.47,0.56,1.71,1.35
HANLEY,1718,19160,7.1,47070.35,89.68,5.7,0.47,1.12,1.26,1.77
PERSON,1719,19129,7.09,47077.44,47.92,39.88,1.54,1.65,1.72,7.29
FOUNTAIN,1720,19094,7.08,47084.52,64.97,31.06,0.41,0.52,1.63,1.41
LEVIN,1721,19070,7.07,47091.59,96.18,0.79,0.51,0.08,1.03,1.41
STUBBS,1722,19068,7.07,47098.66,67.52,28.05,0.34,0.52,1.59,1.98
HIGHTOWER,1723,19054,7.06,47105.72,53.2,42.3,0.29,0.69,1.98,1.55
MURDOCK,1724,19041,7.06,47112.78,81.56,13.72,0.4,1.16,1.5,1.65
KOEHLER,1725,19037,7.06,47119.84,96.75,0.2,0.49,0.25,0.95,1.36
MA,1726,19030,7.05,47126.89,2.42,0.44,94,0.05,1.76,1.33
ENGLE,1727,19022,7.05,47133.95,95.67,0.56,0.56,0.62,1.13,1.47
SMILEY,1728,19014,7.05,47140.99,64.61,29.78,0.36,1.88,2.06,1.3
CARMICHAEL,1729,19011,7.05,47148.04,74.95,20.96,0.56,0.5,1.58,1.45
SHEFFIELD,1730,18983,7.04,47155.08,79.22,17.49,0.25,0.57,1.28,1.19
LANGSTON,1731,18979,7.04,47162.11,73.71,22.22,0.32,0.75,1.66,1.34
MCCRACKEN,1732,18975,7.03,47169.15,93.84,2.99,0.35,0.37,1.24,1.21
YOST,1733,18959,7.03,47176.18,96.51,0.62,0.51,0.25,0.95,1.17
TROTTER,1734,18946,7.02,47183.2,64.28,31.46,0.38,0.5,2.03,1.35
STORY,1735,18935,7.02,47190.22,85.27,10.69,0.37,0.6,1.45,1.62
STARKS,1736,18911,7.01,47197.23,33.21,61.9,0.32,0.49,2.61,1.46
LUJAN,1737,18892,7,47204.23,9.06,0.2,1.27,3.04,0.89,85.54
BLOUNT,1738,18882,7,47211.23,49.29,46.62,0.27,0.52,1.86,1.44
CODY,1739,18853,6.99,47218.22,79.4,14.11,0.34,2.8,1.72,1.63
RUSHING,1739,18853,6.99,47225.21,78.92,17.4,0.21,0.6,1.33,1.54
BENOIT,1741,18842,6.98,47232.19,85.3,9.98,0.47,0.47,1.95,1.83
HERNDON,1742,18838,6.98,47239.18,80,15.63,0.38,0.57,1.75,1.68
JACOBSEN,1743,18831,6.98,47246.16,96.41,0.16,0.49,0.43,1.1,1.4
NIETO,1744,18817,6.98,47253.13,8.54,0.14,0.93,1.21,0.56,88.61
WISEMAN,1745,18813,6.97,47260.11,90.65,6.07,0.33,0.58,1.19,1.17
LAYTON,1746,18781,6.96,47267.07,89.87,5.67,0.39,0.59,1.22,2.27
EPPS,1747,18780,6.96,47274.03,33.3,61.54,0.28,1.14,2.31,1.42
SHIPLEY,1748,18770,6.96,47280.99,93.14,2.84,0.46,0.77,1.53,1.25
LEYVA,1749,18769,6.96,47287.95,5.48,0.2,0.94,0.44,0.39,92.55
REEDER,1750,18768,6.96,47294.9,85.48,10.41,0.39,1.03,1.36,1.33
BRAND,1751,18750,6.95,47301.85,85.09,8.82,0.45,0.43,1.16,4.04
ROLAND,1752,18742,6.95,47308.8,73.11,21.57,0.42,0.7,1.87,2.32
FITCH,1753,18740,6.95,47315.75,86.2,8.75,0.47,1.52,1.23,1.84
RICO,1754,18735,6.95,47322.69,10.34,0.74,1.75,0.61,0.62,85.94
NAPIER,1755,18726,6.94,47329.63,85.93,10.42,0.34,0.49,1.57,1.25
CRONIN,1756,18710,6.94,47336.57,96.48,0.27,0.52,0.21,1.05,1.46
MCQUEEN,1757,18701,6.93,47343.5,60.16,36.12,0.29,0.44,1.59,1.4
PAREDES,1758,18689,6.93,47350.43,6.17,0.43,3.16,0.16,0.62,89.46
TRENT,1759,18679,6.92,47357.35,80.91,15.21,0.46,0.55,1.58,1.29
CHRISTIANSEN,1760,18676,6.92,47364.28,95.68,0.24,0.53,0.85,1.09,1.61
SPANGLER,1761,18653,6.91,47378.11,96,0.74,0.47,0.35,1.24,1.2
PETTIT,1761,18653,6.91,47371.19,92.48,2.99,0.51,1.13,1.44,1.45
LANGFORD,1763,18650,6.91,47385.02,80.37,15.7,0.49,0.35,1.65,1.44
BENAVIDES,1764,18617,6.9,47391.92,6.5,0.18,0.52,0.18,0.33,92.29
PENN,1765,18601,6.9,47398.82,53.81,38.56,1.23,1.16,2.23,3.01
PAIGE,1766,18600,6.89,47405.71,43.37,52.27,0.44,0.35,2.03,1.54
WEIR,1767,18588,6.89,47412.6,89.72,6.38,0.44,0.32,1.32,1.82
DIETZ,1768,18568,6.88,47419.49,96.31,0.34,0.51,0.3,0.87,1.67
PRATER,1769,18565,6.88,47426.37,83.13,13.02,0.3,0.8,1.48,1.28
BREWSTER,1770,18554,6.88,47433.25,74.61,19.75,0.39,0.73,1.88,2.64
LOUIS,1771,18552,6.88,47440.12,28.37,57.08,2.8,1.41,6.44,3.9
DIEHL,1772,18538,6.87,47446.99,96.5,0.7,0.31,0.28,0.89,1.32
PACK,1772,18538,6.87,47453.87,84.36,10.18,1.73,0.87,1.53,1.33
SPAULDING,1774,18527,6.87,47460.73,85.65,8.65,0.51,1.68,2.02,1.49
ERNST,1775,18521,6.87,47474.47,96.33,0.35,0.54,0.33,1.06,1.4
AVILES,1775,18521,6.87,47467.6,5.49,0.83,1.28,0.15,0.44,91.81
NOWAK,1777,18515,6.86,47481.33,97.1,0.17,0.39,0.17,0.85,1.32
OLVERA,1778,18512,6.86,47488.19,4.48,0.19,0.12,0.28,0.23,94.71
ROCK,1779,18510,6.86,47495.05,86.13,7.95,0.38,2.46,1.36,1.73
MANSFIELD,1780,18498,6.86,47501.91,89.17,6.48,0.46,0.71,1.51,1.68
AQUINO,1781,18472,6.85,47508.76,14.94,0.46,31.17,0.38,3,50.05
OGDEN,1782,18461,6.84,47515.6,92.06,3.57,0.43,0.74,1.31,1.9
STACY,1782,18461,6.84,47522.44,91.35,4.33,0.51,0.99,1.31,1.51
RIZZO,1784,18445,6.84,47529.28,94.16,0.3,0.33,0.24,0.95,4.02
SYLVESTER,1784,18445,6.84,47536.12,75.94,18.86,0.76,0.68,1.98,1.78
GILLIS,1786,18438,6.83,47542.95,80.35,15.58,0.4,0.96,1.31,1.41
SANDS,1787,18430,6.83,47549.79,81.82,12.64,0.63,1.47,1.39,2.04
MACHADO,1788,18429,6.83,47556.62,44.92,0.71,1.45,0.39,4.08,48.46
LOVETT,1789,18421,6.83,47563.45,66.84,29.08,0.36,0.4,1.62,1.69
DUONG,1790,18404,6.82,47570.27,1.33,0.19,95.98,0.08,1.76,0.66
HYATT,1791,18396,6.82,47577.09,89.85,6.04,0.43,0.76,1.48,1.43
LANDIS,1792,18388,6.82,47583.9,95.52,1.65,0.39,0.38,1.09,0.96
PLATT,1793,18376,6.81,47590.72,88.35,7.78,0.43,0.59,1.26,1.58
BUSTAMANTE,1794,18363,6.81,47597.52,7.39,0.32,3.07,0.52,0.72,87.98
HEDRICK,1795,18359,6.81,47604.33,93.7,2.76,0.35,0.76,0.94,1.49
PRITCHETT,1796,18350,6.8,47611.13,71.05,24.05,0.23,1.56,1.72,1.38
GASTON,1797,18348,6.8,47617.93,53.89,39.01,0.51,0.35,2.11,4.13
DOBSON,1798,18342,6.8,47624.73,79.88,16.12,0.37,0.61,1.58,1.45
CAUDILL,1799,18336,6.8,47631.53,96.54,0.31,0.3,0.45,1.09,1.31
TACKETT,1800,18332,6.8,47638.33,95.62,0.67,0.27,0.87,1.32,1.24
BATEMAN,1801,18313,6.79,47645.11,89.17,7.23,0.42,0.44,1.38,1.36
LANDERS,1802,18308,6.79,47651.9,84.18,11.49,0.34,0.57,1.42,2
CARMONA,1803,18289,6.78,47658.68,7.01,0.69,0.97,0.26,0.54,90.52
GIPSON,1803,18289,6.78,47665.46,51.06,44.68,0.16,0.9,1.86,1.33
URIBE,1805,18283,6.78,47672.24,6.13,0.15,0.22,0.41,0.37,92.71
MCNEILL,1806,18272,6.77,47679.01,65.94,29.55,0.3,1.53,1.37,1.3
LEDFORD,1807,18264,6.77,47685.78,94.15,2.17,0.32,1.13,1.33,0.9
MIMS,1808,18248,6.76,47692.55,44.8,51.33,0.31,0.25,1.73,1.58
ABEL,1809,18243,6.76,47699.31,90.18,4.18,0.66,0.83,1.46,2.67
GOLD,1810,18237,6.76,47706.07,91.81,3.82,0.64,0.24,1.32,2.18
SMALLWOOD,1811,18227,6.76,47712.83,70.85,24.89,0.3,0.97,1.59,1.4
THORNE,1812,18222,6.75,47719.58,78.14,16.73,0.44,0.96,1.51,2.22
MCHUGH,1813,18206,6.75,47726.33,96.41,0.67,0.46,0.16,1.02,1.28
DICKENS,1814,18181,6.74,47733.07,65.3,30.6,0.33,0.8,1.61,1.36
LEUNG,1815,18140,6.72,47739.79,2.03,0.48,94.9,0.03,2.01,0.56
TOBIN,1816,18135,6.72,47746.52,90.68,4.63,0.64,0.25,1.37,2.44
KOWALSKI,1817,18134,6.72,47753.24,96.9,0.28,0.31,0.2,1.03,1.28
MEDEIROS,1818,18121,6.72,47759.96,85.14,0.33,3.06,0.14,7.27,4.07
COPE,1819,18110,6.71,47766.67,92.41,3.84,0.45,0.62,1.36,1.3
QUEZADA,1820,18107,6.71,47780.09,3.13,0.2,0.37,0.14,0.25,95.9
KRAUS,1820,18107,6.71,47773.38,96.63,0.22,0.41,0.24,1.02,1.48
OVERTON,1822,18094,6.71,47786.8,69.18,26.61,0.3,0.53,1.85,1.54
MONTALVO,1823,18085,6.7,47793.5,7.96,0.74,0.32,0.22,0.51,90.26
STALEY,1824,18081,6.7,47800.21,83.91,12.27,0.49,0.59,1.37,1.36
WOODY,1825,18069,6.7,47806.91,75.33,16.56,0.27,4.83,1.7,1.3
HATHAWAY,1826,18041,6.69,47813.59,91.49,4.63,0.49,0.54,1.32,1.52
OSORIO,1827,18037,6.69,47820.28,4.6,0.6,1.5,0.19,0.43,92.67
LAIRD,1828,18031,6.68,47826.96,90.96,5.28,0.51,0.4,1.24,1.61
DOBBS,1829,18021,6.68,47833.64,84,11.71,0.35,0.82,1.46,1.66
CAPPS,1830,18013,6.68,47840.32,94.72,1.3,0.33,0.85,1.53,1.27
PUTNAM,1831,17990,6.67,47846.99,95.38,1.48,0.51,0.36,1.07,1.22
LAY,1832,17979,6.66,47853.65,74.4,7.19,12.61,1.06,2.15,2.6
FRANCISCO,1833,17976,6.66,47860.32,38.06,3.96,18.43,6.11,2.59,30.85
BERNSTEIN,1834,17969,6.66,47873.64,96.18,0.72,0.61,0.11,0.91,1.47
ADAIR,1834,17969,6.66,47866.98,85.5,8.58,0.5,1.96,1.78,1.69
HUTTON,1836,17961,6.66,47880.3,85.57,10.09,0.48,0.53,1.8,1.53
BURKETT,1837,17959,6.66,47886.96,88.2,8.32,0.28,0.53,1.3,1.36
RHOADES,1838,17952,6.65,47893.61,93.57,1.93,0.47,0.87,1.49,1.67
YANEZ,1839,17950,6.65,47906.92,5.74,0.17,0.41,0.35,0.36,92.97
RICHEY,1839,17950,6.65,47900.26,89.19,7.44,0.32,0.5,1.08,1.48
BLEDSOE,1841,17934,6.65,47913.57,76.12,19.74,0.42,0.71,1.49,1.51
MCCAIN,1842,17933,6.65,47920.21,66.77,28.85,0.36,0.45,1.75,1.83
BEYER,1843,17910,6.64,47926.85,96.81,0.2,0.63,0.23,0.85,1.28
CATES,1844,17907,6.64,47933.49,88.38,7.19,0.54,0.83,1.33,1.73
ROCHE,1845,17905,6.64,47940.13,83.22,3.69,0.6,0.26,1.27,10.96
SPICER,1846,17901,6.64,47946.77,83.55,12.69,0.4,0.59,1.36,1.41
QUEEN,1847,17881,6.63,47953.39,77.41,18.23,0.34,1.16,1.47,1.39
DOTY,1848,17874,6.63,47960.02,93.54,2.98,0.42,0.48,1.08,1.51
DARLING,1849,17855,6.62,47966.64,89.44,6.44,0.58,0.54,1.48,1.51
DARBY,1850,17854,6.62,47973.26,66.11,30.3,0.36,0.48,1.4,1.36
SUMNER,1851,17837,6.61,47979.87,89.66,5.93,0.39,1.1,1.5,1.42
KINCAID,1852,17833,6.61,47986.48,87.55,8.57,0.48,0.4,1.4,1.59
HAY,1853,17824,6.61,47993.09,87.23,6.81,2.58,0.45,1.29,1.65
GROSSMAN,1854,17811,6.6,47999.69,96.28,0.31,0.58,0.17,1.26,1.39
LACEY,1854,17811,6.6,48006.29,73.58,22.15,0.36,0.48,1.65,1.77
WILKES,1856,17797,6.6,48012.89,71.2,25.04,0.31,0.61,1.53,1.3
HUMPHRIES,1857,17785,6.59,48019.48,81.6,14.93,0.34,0.42,1.23,1.48
PAZ,1858,17776,6.59,48026.07,9.24,0.33,3.61,0.33,0.78,85.72
DARNELL,1859,17775,6.59,48032.66,89.16,7.18,0.37,0.51,1.4,1.39
KEYS,1860,17763,6.58,48039.25,51.92,42.84,0.28,0.95,2.28,1.73
KYLE,1861,17750,6.58,48045.82,81.98,13.39,0.54,0.52,1.88,1.69
LACKEY,1862,17749,6.58,48052.4,85.5,10.12,0.38,0.83,1.59,1.58
VOGT,1863,17739,6.58,48058.98,95.59,0.68,0.56,0.24,1.12,1.82
LOCKLEAR,1864,17730,6.57,48065.55,19.9,2.76,0.14,72.98,3.16,1.07
KISER,1865,17693,6.56,48072.11,92.77,4.18,0.36,0.5,1.02,1.18
PRESLEY,1866,17687,6.56,48078.67,77.01,18.86,0.5,0.9,1.43,1.31
BRYSON,1867,17680,6.55,48085.22,79.47,16.4,0.41,0.6,1.47,1.65
BERGMAN,1868,17671,6.55,48091.77,95.87,0.8,0.45,0.54,0.94,1.39
PEOPLES,1869,17664,6.55,48098.32,39.95,55.93,0.18,0.49,2.29,1.16
FAIR,1870,17658,6.55,48104.87,67.85,28.29,0.41,0.4,1.71,1.33
MCCLENDON,1871,17614,6.53,48111.4,40.57,54.83,0.3,0.69,2.12,1.5
CORLEY,1872,17609,6.53,48117.92,76.67,19.35,0.32,0.68,1.34,1.64
PRADO,1873,17586,6.52,48124.44,7.65,0.48,3.06,0.15,0.64,88.01
CHRISTIE,1874,17582,6.52,48130.96,82.52,10.99,0.95,1.92,1.79,1.84
DELONG,1875,17575,6.52,48137.47,95.08,0.83,0.52,0.84,1.21,1.52
SKAGGS,1876,17569,6.51,48143.99,94.63,1.42,0.31,0.72,1.63,1.29
DILL,1877,17562,6.51,48150.5,89.92,6.17,0.55,0.77,1.24,1.36
SHEARER,1878,17545,6.5,48157,93.18,3.29,0.6,0.4,1.2,1.32
JUDD,1879,17532,6.5,48163.5,90.42,5.62,0.74,0.5,1.29,1.43
STAPLETON,1880,17529,6.5,48170,87.44,8.81,0.42,0.41,1.31,1.61
FLAHERTY,1881,17513,6.49,48176.49,96.6,0.29,0.46,0.18,0.98,1.5
CASILLAS,1882,17498,6.49,48182.98,5.46,0.26,0.29,0.39,0.34,93.25
PINTO,1883,17488,6.48,48189.46,54.21,2.1,3.57,3.7,3.65,32.77
YOUNGBLOOD,1884,17485,6.48,48202.42,71.53,22.6,0.26,1.75,2.53,1.33
HAYWOOD,1884,17485,6.48,48195.94,47.38,48.34,0.31,0.45,1.92,1.61
TONEY,1886,17481,6.48,48208.9,56.94,37.84,0.31,1.7,1.88,1.32
RICKS,1887,17474,6.48,48215.38,48.51,47.87,0.27,0.3,1.55,1.5
GRANADOS,1888,17463,6.47,48221.85,4.37,0.29,0.65,0.28,0.44,93.97
CRUM,1889,17452,6.47,48228.32,87.75,8.9,0.34,0.46,1.21,1.33
TRIPLETT,1890,17422,6.46,48234.78,68.02,28.18,0.32,0.55,1.66,1.27
SORIANO,1891,17418,6.46,48241.24,10.75,0.65,21.61,0.25,1.77,64.97
WAITE,1892,17415,6.46,48247.69,87.79,8.09,0.53,0.55,1.65,1.4
HOFF,1893,17408,6.45,48254.15,94.54,2.1,0.56,0.45,1.21,1.14
ANAYA,1894,17405,6.45,48260.6,6.14,0.25,0.64,0.69,0.49,91.79
CRENSHAW,1895,17402,6.45,48267.05,54.59,41.29,0.24,0.47,1.91,1.49
JUNG,1896,17395,6.45,48273.5,38.63,0.62,57.15,0.13,2.16,1.31
CANALES,1897,17381,6.44,48279.94,7.37,0.69,0.43,0.23,0.45,90.82
CAGLE,1898,17380,6.44,48286.38,93,3.1,0.26,1.06,1.44,1.13
DENNY,1899,17366,6.44,48292.82,84.83,6.78,0.56,4.29,1.75,1.79
MARCUS,1900,17360,6.44,48299.26,80.09,11.91,0.81,0.6,1.52,5.07
BERMAN,1901,17346,6.43,48305.69,94.64,1.33,0.67,0.16,1.07,2.13
MUNSON,1902,17345,6.43,48312.12,88.91,6.53,0.78,0.83,1.49,1.46
OCAMPO,1903,17334,6.43,48318.54,3.91,0.14,15.11,0.22,1.09,79.53
BAUMAN,1904,17328,6.42,48324.97,95.69,0.69,0.51,0.43,1.25,1.43
CORCORAN,1905,17321,6.42,48331.39,95.29,0.3,0.5,0.55,1.07,2.3
KEEN,1906,17320,6.42,48337.81,91.99,4.3,0.67,0.53,1.31,1.2
ZIMMER,1907,17315,6.42,48344.23,96.56,0.33,0.49,0.44,0.99,1.18
FRIEND,1908,17312,6.42,48350.64,87.74,7.34,0.36,0.89,1.44,2.24
ORNELAS,1909,17278,6.4,48357.05,6.6,0.19,0.28,0.36,0.49,92.09
VARNER,1910,17274,6.4,48363.45,82.79,13.84,0.39,0.5,1.48,1
PELLETIER,1911,17267,6.4,48369.85,96.58,0.3,0.34,0.41,1.11,1.27
VERNON,1911,17267,6.4,48376.25,78.73,15.9,0.45,0.5,1.95,2.47
BLUM,1913,17262,6.4,48382.65,95.96,0.39,0.45,0.16,0.93,2.1
ALBRECHT,1914,17256,6.4,48389.05,96.96,0.2,0.54,0.16,0.82,1.32
CULVER,1915,17231,6.39,48395.44,85.2,10.61,0.37,0.61,1.43,1.78
SCHUSTER,1916,17221,6.38,48401.82,96.1,0.46,0.69,0.4,0.87,1.48
CUELLAR,1917,17217,6.38,48408.2,7.73,0.32,0.24,0.33,0.37,91
MCCORD,1918,17216,6.38,48414.59,82.01,13.78,0.26,1,1.48,1.46
SHULTZ,1919,17204,6.38,48420.96,96.04,0.81,0.51,0.39,0.92,1.33
MCRAE,1920,17203,6.38,48427.34,54.97,41,0.34,0.33,1.76,1.6
MORELAND,1921,17173,6.37,48433.71,76.61,18.9,0.37,0.82,1.76,1.53
CALVERT,1922,17169,6.36,48440.07,90.63,5.72,0.42,0.71,1.11,1.41
WILLIAM,1923,17164,6.36,48446.43,34.04,59.01,1.61,0.67,2.33,2.34
WHITTINGTON,1924,17163,6.36,48452.79,81.62,14.54,0.26,0.54,1.65,1.39
ECKERT,1925,17161,6.36,48459.16,96.43,0.27,0.44,0.36,1.1,1.4
KEENE,1925,17161,6.36,48465.52,87.31,8.03,0.51,1,1.64,1.52
MOHR,1927,17153,6.36,48471.88,96.27,0.55,0.47,0.41,0.91,1.39
HANKS,1928,17141,6.35,48478.23,85.46,9.86,0.32,1.36,1.36,1.65
KIMBLE,1929,17138,6.35,48484.58,61.91,34.25,0.42,0.64,1.42,1.37
CAVANAUGH,1930,17137,6.35,48490.94,92.97,2.68,0.46,1.31,1.07,1.51
CROWELL,1931,17136,6.35,48497.29,81.21,13.88,0.74,0.56,1.83,1.77
RUSS,1931,17136,6.35,48503.64,73.59,22.44,0.37,0.55,1.7,1.34
FELICIANO,1933,17112,6.34,48509.98,8.74,1.14,5.04,0.13,1.1,83.85
CRAIN,1934,17110,6.34,48516.33,87.52,7.95,0.41,0.94,1.44,1.75
BUSCH,1935,17089,6.33,48522.66,94.28,2.7,0.42,0.29,0.95,1.36
MCCORMACK,1936,17074,6.33,48528.99,93.8,1.78,0.47,0.47,1.46,2.03
DRUMMOND,1937,17032,6.31,48535.3,68.81,27.14,0.35,0.28,1.88,1.56
OMALLEY,1938,17027,6.31,48541.62,96.9,0.24,0.52,0.22,1.02,1.1
ALDRICH,1939,17017,6.31,48547.92,93.76,1.96,0.67,0.83,1.21,1.57
LUKE,1940,17016,6.31,48554.23,75.28,14.14,5.39,1.06,2.13,2
GRECO,1941,17013,6.31,48560.54,95.09,0.48,0.66,0.09,1.02,2.67
MOTT,1941,17013,6.31,48566.85,86.49,9.57,0.41,0.58,1.35,1.59
OAKES,1943,17008,6.3,48573.15,91.62,3.79,0.51,1.16,1.45,1.47
MALLORY,1944,16987,6.3,48579.45,64.47,30.94,0.36,0.86,1.94,1.42
MCLAIN,1945,16978,6.29,48585.74,88.94,7.03,0.34,0.85,1.47,1.37
BURROWS,1946,16972,6.29,48592.03,86.95,8.77,0.59,0.83,1.43,1.43
OTERO,1947,16956,6.29,48598.32,9.86,0.64,0.59,0.85,0.65,87.41
ALLRED,1948,16951,6.28,48604.6,94.57,1.94,0.32,0.48,1.15,1.53
EASON,1949,16923,6.27,48610.88,60.7,35.34,0.51,0.4,1.65,1.41
FINNEY,1950,16919,6.27,48617.15,72.09,23.28,0.54,0.59,2.09,1.41
WELLER,1951,16916,6.27,48623.42,95.58,0.95,0.55,0.43,1.12,1.37
WALDRON,1952,16908,6.27,48629.69,89.56,5.9,0.42,0.63,1.58,1.91
CHAMPION,1953,16900,6.26,48635.95,74.51,19.01,0.37,0.37,1.36,4.37
JEFFERS,1954,16895,6.26,48642.21,80.92,14.31,0.46,0.75,1.88,1.68
COON,1955,16890,6.26,48648.47,93.17,2.17,0.53,1.44,1.31,1.39
ROSENTHAL,1956,16881,6.26,48654.73,94.37,2.01,0.47,0.15,1.31,1.68
HUDDLESTON,1957,16872,6.25,48660.99,86.1,9.06,0.38,0.92,1.64,1.9
SOLANO,1958,16869,6.25,48667.24,10.78,0.53,1.71,0.23,0.6,86.14
HIRSCH,1959,16864,6.25,48673.49,95.84,0.93,0.48,0.15,0.8,1.8
AKINS,1960,16860,6.25,48679.74,65.59,30.34,0.26,0.73,1.7,1.39
OLIVARES,1961,16857,6.25,48685.99,4.64,0.14,1.04,0.18,0.28,93.72
SONG,1962,16856,6.25,48692.24,2.08,0.39,95.12,0.06,1.91,0.43
SNEED,1963,16855,6.25,48698.49,57.58,37.74,0.37,1.1,1.71,1.51
BENEDICT,1964,16846,6.24,48704.73,93.29,1.25,0.81,1.23,1.4,2.02
BAIN,1965,16845,6.24,48710.98,87.56,7.82,0.65,0.77,1.64,1.57
OKEEFE,1966,16829,6.24,48717.21,96,0.34,0.5,0.27,1.12,1.77
HIDALGO,1967,16824,6.24,48723.45,12.08,0.25,4.3,0.18,0.68,82.51
MATOS,1968,16819,6.23,48729.69,17.14,1.46,0.27,0.15,1.43,79.55
STALLINGS,1968,16819,6.23,48735.92,73.66,22.84,0.27,0.41,1.32,1.49
PARIS,1970,16813,6.23,48742.15,79.49,10.96,1.21,0.5,1.9,5.94
GAMEZ,1971,16812,6.23,48748.39,4.87,0.19,0.46,0.27,0.34,93.86
KENNY,1972,16811,6.23,48754.62,90.52,5.5,0.71,0.61,1.1,1.56
QUIGLEY,1973,16810,6.23,48760.85,94.61,1.66,0.5,0.51,1.15,1.56
MARRERO,1974,16783,6.22,48767.07,8.95,2.03,0.42,0.09,0.46,88.04
FAGAN,1975,16779,6.22,48773.29,86.93,9.7,0.56,0.27,1.17,1.38
DUTTON,1976,16774,6.22,48779.51,91.95,3.98,0.47,0.72,1.38,1.5
PAPPAS,1977,16754,6.21,48791.93,95.23,0.42,0.42,0.36,1.57,2.01
ATWOOD,1977,16754,6.21,48785.72,92.38,3.66,0.35,0.61,1.33,1.67
MCGOVERN,1979,16739,6.21,48804.34,96.51,0.44,0.48,0.21,0.99,1.39
BAGLEY,1979,16739,6.21,48798.13,79.58,16.68,0.29,0.64,1.42,1.4
READ,1981,16736,6.2,48822.95,92.13,2.78,0.47,0.41,1.31,2.91
LUNSFORD,1981,16736,6.2,48810.54,88.16,8.08,0.31,0.75,1.45,1.25
MOSELEY,1981,16736,6.2,48816.75,79.48,16.92,0.38,0.47,1.24,1.52
OAKLEY,1984,16733,6.2,48829.15,87.13,8.8,0.36,0.54,1.61,1.56
ASHBY,1985,16723,6.2,48835.35,82.46,13.23,0.38,0.59,1.51,1.82
GRANGER,1986,16721,6.2,48841.55,79.28,16.03,0.28,0.56,1.45,2.4
SHAVER,1987,16716,6.2,48847.75,92.34,3.85,0.38,0.71,1.14,1.58
HOPE,1988,16710,6.19,48853.94,72.07,23.03,0.65,0.72,1.86,1.66
COE,1989,16706,6.19,48860.14,84.6,10.44,1.2,0.47,1.57,1.72
BURROUGHS,1990,16702,6.19,48866.33,71.54,24.43,0.41,0.43,1.53,1.66
HELM,1991,16700,6.19,48872.52,89.4,6.83,0.65,0.41,1.49,1.22
NEUMANN,1992,16697,6.19,48884.9,96.01,0.25,0.59,0.34,1.05,1.76
AMBROSE,1992,16697,6.19,48878.71,83.36,11.73,1.07,0.87,1.19,1.78
MICHAELS,1994,16696,6.19,48891.09,93.02,2.9,0.5,0.31,1.38,1.89
PRESCOTT,1995,16686,6.19,48897.27,81.09,13.55,0.88,0.86,1.71,1.9
LIGHT,1996,16671,6.18,48903.45,92.89,3.14,0.65,0.76,1.16,1.39
DUMAS,1997,16660,6.18,48909.63,56.38,37.55,0.55,0.36,1.98,3.18
FLOOD,1998,16652,6.17,48915.8,81.07,14.1,0.49,1.23,1.45,1.65
STRINGER,1999,16634,6.17,48921.97,77.67,18.85,0.45,0.41,1.41,1.2